Source_Account_s,Destination_Account_s,Amount_sent
15634602,15647311,42000.83
15647311,15619304,36624.4
15619304,15701354,8391.73
15701354,15737888,16771.87
15737888,15574012,39478.77
15574012,15592531,6526.69
15592531,15656148,36563.98
15656148,15792365,12336.89
15792365,15592389,18745.21
15592389,15767821,12443.1
15767821,15737173,10749.44
15737173,15632264,6368.99
15632264,15691483,6094.63
15691483,15600882,9627.49
15600882,15643966,22817.86
15643966,15737452,17966.78
15737452,15788218,21647.08
15788218,15661507,19390.64
15661507,15568982,14007.18
15568982,15577657,4358.22
15577657,15597945,24134.94
15597945,15699309,5834.33
15699309,15725737,18893.79
15725737,15625047,16536.65
15625047,15738191,9057.49
15738191,15736816,6031.93
15736816,15700772,41882.46
15700772,15728693,20235.38
15728693,15656300,11341.29
15656300,15589475,42159.86
15589475,15706552,27984.15
15706552,15750181,4967.36
15750181,15659428,12899.67
15659428,15732963,14802.33
15732963,15794171,61498.63
15794171,15788448,5898.93
15788448,15729599,22237.03
15729599,15717426,8078.99
15717426,15585768,27500.41
15585768,15619360,5944.53
15619360,15738148,23473.17
15738148,15687946,7207.46
15687946,15755196,14301.3
15755196,15684171,32314.25
15684171,15754849,9194.86
15754849,15602280,5101.12
15602280,15771573,21998.58
15771573,15766205,14746.66
15766205,15771873,14818.48
15771873,15616550,24026.64
15616550,15768193,30122.6
15768193,15683553,16453.24
15683553,15702298,22240.45
15702298,15569590,11759.86
15569590,15760861,36821.24
15760861,15630053,14496.24
15630053,15647091,45666.12
15647091,15623944,22275.41
15623944,15804771,30130.01
15804771,15651280,15135.78
15651280,15773469,7824.39
15773469,15702014,30525.78
15702014,15751208,3564.21
15751208,15592461,38447.83
15592461,15789484,26618.81
15789484,15696061,14781.43
15696061,15641582,13895.27
15641582,15638424,13390.63
15638424,15755648,10067.15
15755648,15703793,13939.92
15703793,15620344,28433.5
15620344,15812518,4377.22
15812518,15779052,22121.32
15779052,15770811,20287.25
15770811,15780961,14792.83
15780961,15614049,8257.21
15614049,15662085,14519.42
15662085,15575185,7590.12
15575185,15803136,25508.07
15803136,15706021,9959.99
15706021,15663706,46469.82
15663706,15641732,22246.53
15641732,15701164,17613.76
15701164,15738751,50060.44
15738751,15805254,30020.95
15805254,15762418,15030.33
15762418,15625759,8230.23
15625759,15622897,29290.59
15622897,15767954,16145.63
15767954,15757535,3239.69
15757535,15731511,26757.7
15731511,15809248,15047.24
15809248,15640635,10543.48
15640635,15676966,4506.61
15676966,15699461,14405.61
15699461,15738721,10221.43
15738721,15693683,19529.91
15693683,15604348,7810.9
15604348,15633059,15677.28
15633059,15808582,9332.23
15808582,15743192,1059.82
15743192,15580146,7908.56
15580146,15776605,7376.37
15776605,15804919,21946.9
15804919,15613854,47099.48
15613854,15599195,19840.94
15599195,15812878,14173.24
15812878,15602312,17504.13
15602312,15744689,5122.02
15744689,15803526,29736.71
15803526,15665790,6938.23
15665790,15715951,10324.6
15715951,15591100,15086.19
15591100,15609618,30451.11
15609618,15675522,31308.39
15675522,15705512,19912.19
15705512,15698028,12714.42
15698028,15661670,10452.66
15661670,15600781,29844.63
15600781,15682472,388.55
15682472,15580203,13863.73
15580203,15690673,16335.25
15690673,15760085,6598.13
15760085,15779659,13892.61
15779659,15627360,16203.58
15627360,15671137,14725.19
15671137,15782688,31261.08
15782688,15575492,26183.9
15575492,15591607,14536.52
15591607,15740404,22463.7
15740404,15718369,36061.62
15718369,15677871,11365.8
15677871,15642004,13870.38
15642004,15712543,15142.24
15712543,15584518,22160.08
15584518,15802381,15227.17
15802381,15610156,33345
15610156,15594408,29810.05
15594408,15640905,15430.47
15640905,15698932,23696.99
15698932,15724944,9586.07
15724944,15628145,8319.72
15628145,15713483,12974.34
15713483,15612350,12290.91
15612350,15800703,7645.6
15800703,15705707,36541.18
15705707,15754105,3279.4
15754105,15703264,12584.27
15703264,15794413,21683.18
15794413,15650237,20288.39
15650237,15759618,18792.52
15759618,15811589,35680.86
15811589,15689044,20022.77
15689044,15709368,27967.43
15709368,15679145,27735.25
15679145,15655007,18681.56
15655007,15623595,872.48
15623595,15589975,7604.75
15589975,15804017,27608.14
15804017,15692132,26697.09
15692132,15641122,21091.52
15641122,15630910,35413.91
15630910,15680772,21142.82
15680772,15658929,11163.83
15658929,15585388,45311.77
15585388,15724623,10336.95
15724623,15588537,7694.05
15588537,15574692,24740.09
15574692,15611325,7782.4
15611325,15587562,17509.26
15587562,15613172,25643.54
15613172,15651022,14546.59
15651022,15586310,53339.46
15586310,15625524,17268.34
15625524,15755209,21551.32
15755209,15645248,9333.94
15645248,15790355,7708.3
15790355,15762615,11467.83
15762615,15625426,15682.22
15625426,15716334,5475.23
15716334,15789669,15095.88
15789669,15621075,14070.45
15621075,15810845,17395.26
15810845,15719377,36512.11
15719377,15654506,18727.35
15654506,15771977,34412.61
15771977,15708710,12674.14
15708710,15726676,4538.34
15726676,15587421,24988.99
15587421,15726931,7395.18
15726931,15771086,12598.9
15771086,15756850,38230.28
15756850,15702741,20688.53
15702741,15679200,15456.88
15679200,15594815,8226.24
15594815,15635905,17168.4
15635905,15777892,2257.77
15777892,15656176,3754.97
15656176,15811127,29070.57
15811127,15604482,10764.45
15604482,15622911,22638.88
15622911,15600974,22058.05
15600974,15727868,23076.07
15727868,15627801,13536.55
15627801,15773039,20169.26
15773039,15755262,17152.82
15755262,15679531,12225.93
15679531,15684181,6153.53
15684181,15612087,21771.15
15612087,15752047,26269.02
15752047,15624592,22799.24
15624592,15573152,25772.93
15573152,15594917,8886.87
15594917,15785542,24559.59
15785542,15723488,35830.2
15723488,15680920,20135.44
15680920,15786308,28339.26
15786308,15659366,6215.85
15659366,15774854,6401.29
15774854,15725311,30388.79
15725311,15787155,27931.71
15787155,15727829,13301.14
15727829,15733247,10927.85
15733247,15568748,6795.73
15568748,15699029,14096.67
15699029,15774393,6625.3
15774393,15676895,16821.27
15676895,15637753,15570.88
15637753,15605461,10268.17
15605461,15808473,2706.36
15808473,15627000,14702.01
15627000,15787174,24603.1
15787174,15723886,33400.67
15723886,15704769,9197.52
15704769,15772896,7807.67
15772896,15711540,22981.64
15711540,15764866,45726.92
15764866,15794056,15186.51
15794056,15795149,30378.91
15795149,15812009,14502.32
15812009,15651001,3652.94
15651001,15813844,10363.55
15813844,15596175,35949.52
15596175,15576269,12481.29
15576269,15797219,27930
15797219,15685500,13441.17
15685500,15599792,14204.4
15599792,15657566,10665.84
15657566,15772423,23118.63
15772423,15628112,2822.64
15628112,15753754,24537.55
15753754,15793726,25093.3
15793726,15694717,12029.09
15694717,15665834,23053.46
15665834,15765297,7914.83
15765297,15636684,33667.81
15636684,15592979,14146.45
15592979,15750803,13439.08
15750803,15607178,18452.23
15607178,15713853,20825.71
15713853,15673481,19257.07
15673481,15686776,9403.86
15686776,15673693,6470.07
15673693,15700696,26723.69
15700696,15813163,15272.96
15813163,15653857,576.27
15653857,15777076,19727.13
15777076,15717398,24350.02
15717398,15799217,23415.79
15799217,15787071,5898.36
15787071,15619955,29036.18
15619955,15796505,3162.36
15796505,15725166,26184.66
15725166,15800116,17872.73
15800116,15758685,16196.36
15758685,15694456,14083.18
15694456,15767339,18751.86
15767339,15683562,15196.2
15683562,15782210,19311.6
15782210,15668893,31013.51
15668893,15669169,24243.05
15669169,15643024,25440.62
15643024,15699389,14566.16
15699389,15708608,25135.29
15708608,15626144,13728.83
15626144,15573112,2616.3
15573112,15790678,1763.01
15790678,15727556,15475.12
15727556,15697307,15851.13
15697307,15652266,3141.08
15652266,15607098,26046.72
15607098,15655774,51623
15655774,15590241,7672.39
15590241,15785819,32316.53
15785819,15723654,24150.9
15723654,15774510,24949.85
15774510,15684173,11960.12
15684173,15650068,23178.1
15650068,15811490,18042.4
15811490,15803976,15853.98
15803976,15682541,15032.42
15682541,15695699,15957.91
15695699,15624188,20321.45
15624188,15812191,43223.1
15812191,15636673,15609.26
15636673,15594898,6462.09
15594898,15660211,2765.45
15660211,15773972,16636.59
15773972,15746726,12768.57
15746726,15712287,13281.19
15712287,15702919,18960.29
15702919,15674398,29291.92
15674398,15797960,317.49
15797960,15631868,17058.96
15631868,15581539,24812.86
15581539,15662736,11943.02
15662736,15666252,40561.96
15666252,15677512,3810.83
15677512,15626114,7233.11
15626114,15810834,18626.08
15810834,15678910,21861.97
15678910,15694408,30284.48
15694408,15585215,28134.06
15585215,15682757,28342.68
15682757,15736601,13300.57
15736601,15601848,14975.23
15601848,15736008,11073.2
15736008,15669064,8059.04
15669064,15624528,11420.71
15624528,15598493,3412.97
15598493,15601274,15055.03
15601274,15702669,7722.93
15702669,15728669,5037.09
15728669,15742668,18133.03
15742668,15697441,11024.18
15697441,15740476,23314.71
15740476,15648064,59186.52
15648064,15636624,4630.11
15636624,15807923,10056.89
15807923,15745844,17501.28
15745844,15786170,7184.09
15786170,15681081,2270.12
15681081,15684484,29532.46
15684484,15785869,48291.16
15785869,15763859,8708.65
15763859,15658935,7042.54
15658935,15747358,13272.83
15747358,15735203,34143.19
15735203,15576256,16431.39
15576256,15659420,48122.82
15659420,15593365,37128.66
15593365,15777352,5218.35
15777352,15812007,25625.49
15812007,15625461,6747.28
15625461,15739438,29219.15
15739438,15611759,32188.85
15611759,15661629,30739.15
15661629,15633950,36911.49
15633950,15592386,28475.87
15592386,15803716,16588.52
15803716,15696674,23511.74
15696674,15706365,21202.48
15706365,15745088,10511.94
15745088,15676715,14651.66
15676715,15613085,5159.26
15613085,15633537,15881.91
15633537,15594720,10094.32
15594720,15684042,20767.57
15684042,15583303,13317.1
15583303,15611579,30928.2
15611579,15774696,19165.87
15774696,15694506,14234.04
15694506,15688074,16835.14
15688074,15759537,5314.3
15759537,15758449,11634.27
15758449,15583456,13239.39
15583456,15667871,28863.28
15667871,15677371,24772.39
15677371,15629677,15970.83
15629677,15713578,7852.32
15713578,15591509,8920.69
15591509,15568240,21501.54
15568240,15622993,15088.47
15622993,15689294,40451.19
15689294,15720910,13588.61
15720910,15721181,15878.68
15721181,15776433,12877.63
15776433,15748936,13243.76
15748936,15717225,6266.96
15717225,15685226,16012.82
15685226,15785611,8427.07
15785611,15573456,12149.55
15573456,15684548,16265.71
15684548,15620505,15260.8
15620505,15807432,8614.6
15807432,15584766,15651.06
15584766,15612187,17819.53
15612187,15762218,13159.02
15762218,15646372,1938.19
15646372,15690452,23631.44
15690452,15747795,9407.09
15747795,15781589,12475.78
15781589,15732674,22284.72
15732674,15642291,2793.95
15642291,15692761,16129.1
15692761,15578045,20990.82
15578045,15745354,25143.84
15745354,15701376,22115.05
15701376,15691625,72441.68
15691625,15566594,5775.43
15566594,15760431,23382.54
15760431,15686302,28948.21
15686302,15801559,2386.78
15801559,15810432,19783.75
15810432,15809616,12206.93
15809616,15720559,11428.88
15720559,15695632,12701.69
15695632,15659843,29250.12
15659843,15615624,17084.04
15615624,15810418,29104.58
15810418,15716186,6676.6
15716186,15674551,16697.39
15674551,15622834,24361.61
15622834,15566111,21292.92
15566111,15784597,29262.09
15784597,15652883,19730.36
15652883,15806964,12519.67
15806964,15576313,3070.21
15576313,15806467,8425.36
15806467,15597602,24595.12
15597602,15743040,1180.28
15743040,15705521,5894.18
15705521,15595039,13324.13
15595039,15799384,21297.86
15799384,15581197,13005.88
15581197,15693737,4453.03
15693737,15624623,26389.1
15624623,15783501,3520.13
15783501,15690134,16866.87
15690134,15782735,9362.06
15782735,15611088,13258.39
15611088,15672145,3120.37
15672145,15732628,9929.59
15732628,15787470,21083.16
15787470,15803406,32481.45
15803406,15730460,17189.3
15730460,15644572,22534.76
15644572,15694860,14725.19
15694860,15658169,24926.67
15658169,15794396,7389.1
15794396,15785798,14937.99
15785798,15710825,18490.99
15710825,15668444,5887.34
15668444,15726631,17864.56
15726631,15733797,8948.43
15733797,15747960,49208.86
15747960,15634632,10153.03
15634632,15707362,24647.18
15707362,15662976,11479.99
15662976,15732778,28050.08
15732778,15718443,29644.94
15718443,15670039,9246.35
15670039,15773792,20870.55
15773792,15613786,31036.88
15613786,15726032,5202.39
15726032,15663252,18422.59
15663252,15593782,83784.11
15593782,15633283,1950.16
15633283,15749167,30224.63
15749167,15759298,8261.77
15759298,15683625,19946.77
15683625,15635367,15704.83
15635367,15681705,18016.94
15681705,15603156,35112
15603156,15591986,13021.27
15591986,15798888,23960.14
15798888,15809722,5476.37
15809722,15677538,12234.48
15677538,15797736,28677.65
15797736,15695585,23744.11
15695585,15744398,15623.32
15744398,15750658,11460.61
15750658,15578186,23254.48
15578186,15676519,20808.99
15676519,15637954,21329.78
15637954,15758639,27343.85
15758639,15613772,33573.19
15613772,15731744,27666.28
15731744,15807709,12598.33
15807709,15714689,3465.22
15714689,15699005,18582.76
15699005,15624170,8949.95
15624170,15725679,21824.54
15725679,15585865,9475.3
15585865,15804256,12896.63
15804256,15662403,3643.06
15662403,15733616,30266.81
15733616,15591995,10214.97
15591995,15677020,950.19
15677020,15727688,36849.74
15727688,15715941,9769.61
15715941,15714485,9008.85
15714485,15730059,10843.68
15730059,15715527,19490.39
15715527,15576623,11276.69
15576623,15805565,8477.04
15805565,15677307,27759.57
15677307,15773890,5454.71
15773890,15598883,13459.22
15598883,15568506,16078.37
15568506,15761043,9073.83
15761043,15782236,9657.89
15782236,15593601,20475.92
15593601,15682048,7035.51
15682048,15746902,24737.05
15746902,15752081,51550.8
15752081,15781307,19861.46
15781307,15775912,11885.64
15775912,15745417,12750.9
15745417,15671256,13545.48
15671256,15653547,10910.94
15653547,15595766,17476.96
15595766,15742358,8736.2
15742358,15763274,16142.97
15763274,15786063,24634.07
15786063,15600258,29178.11
15600258,15573318,21605.66
15573318,15653849,7333.62
15653849,15694272,8118.7
15694272,15736112,20973.15
15736112,15749851,11992.99
15749851,15663478,13252.12
15663478,15592300,15176.25
15592300,15567832,52591.05
15567832,15776780,62373.01
15776780,15592846,13379.23
15592846,15739803,25378.87
15739803,15794142,23985.79
15794142,15762729,16723.23
15762729,15667896,8948.24
15667896,15626578,62643.95
15626578,15776223,19617.12
15776223,15705953,7516.4
15705953,15802593,33423.47
15802593,15615457,9253.76
15615457,15708916,24905.58
15708916,15720187,20058.87
15720187,15595440,20378.45
15595440,15600651,10796.94
15600651,15750141,23256.76
15750141,15657284,14573
15657284,15763063,10057.08
15763063,15709324,10863.82
15709324,15711309,19125.02
15711309,15775318,35357.29
15775318,15705515,17613.95
15705515,15634844,8542.21
15634844,15717046,3502.08
15717046,15571816,18595.87
15571816,15670080,19361
15670080,15800440,12382.3
15800440,15665678,16936.98
15665678,15665956,15666.07
15665956,15788126,29570.08
15788126,15811773,20782.39
15811773,15651674,33155.57
15651674,15689614,60514.24
15689614,15795564,20533.87
15795564,15706647,6525.74
15706647,15728505,13877.98
15728505,15730076,23966.41
15730076,15622003,22201.31
15622003,15607312,26129.56
15607312,15644753,19455.62
15644753,15653620,9408.23
15653620,15761986,36490.64
15761986,15633922,19481.27
15633922,15734674,17456.25
15734674,15658032,12257.85
15658032,15692671,42762.92
15692671,15737741,47118.86
15737741,15576352,28355.41
15576352,15753719,14280.78
15753719,15803689,16125.11
15803689,15718057,14412.83
15718057,15722010,8008.31
15722010,15680998,15729.15
15680998,15614782,81512.09
15614782,15591047,14291.61
15591047,15788291,17467.46
15788291,15604044,10352.34
15604044,15679587,16088.63
15679587,15775153,11815.15
15775153,15603925,52935.71
15603925,15680970,20732.61
15680970,15697183,10540.82
15697183,15567446,24058.75
15567446,15637476,8855.33
15637476,15714939,3998.93
15714939,15683503,12616.38
15683503,15645569,32274.35
15645569,15782569,11058.95
15782569,15592387,16979.92
15592387,15609286,45217.15
15609286,15814035,13741.94
15814035,15661249,53742.64
15661249,15629117,13449.53
15629117,15607170,1485.61
15607170,15586585,24620.96
15586585,15686611,14639.5
15686611,15603203,7173.26
15603203,15619857,7683.41
15619857,15805062,23855.83
15805062,15660271,3380.67
15660271,15745295,14942.74
15745295,15719352,17931.82
15719352,15766575,2646.51
15766575,15594594,14623.92
15594594,15646161,11779.62
15646161,15682585,17832.45
15682585,15603134,15649.16
15603134,15636444,16171.09
15636444,15773456,46759.57
15773456,15745307,18337.28
15745307,15604119,8975.03
15604119,15626900,21838.6
15626900,15605447,22294.98
15605447,15589030,22238.93
15589030,15692463,9751.37
15692463,15712403,13586.33
15712403,15811762,14028.27
15811762,15718673,24599.68
15718673,15724282,2646.51
15724282,15738181,2017.61
15738181,15633648,14586.87
15633648,15603323,10900.49
15603323,15583725,12223.27
15583725,15588350,4079.11
15588350,15798398,19423.89
15798398,15784844,8685.85
15784844,15580684,5698.1
15580684,15809663,42779.07
15809663,15640078,13395.38
15640078,15698786,10671.54
15698786,15569807,24446.16
15569807,15730830,14257.98
15730830,15805112,40456.89
15805112,15633064,41586.63
15633064,15703119,21484.63
15703119,15730447,10340.18
15730447,15813850,2656.96
15813850,15711889,22542.74
15711889,15664610,24911.09
15664610,15751710,13053.76
15751710,15692926,12333.09
15692926,15813741,14363.62
15813741,15698474,7153.5
15698474,15568595,21092.09
15568595,15603065,14580.22
15603065,15592937,775.01
15592937,15699637,9963.22
15699637,15667215,5920.78
15667215,15788659,13225.33
15788659,15763218,10574.07
15763218,15645772,17670.38
15645772,15725511,45102.01
15725511,15575024,11564.16
15575024,15640825,10535.5
15640825,15662397,16454.76
15662397,15576368,11309.37
15576368,15674991,13336.86
15674991,15721024,1524.18
15721024,15745621,7077.88
15745621,15642394,16989.61
15642394,15754605,92138.79
15754605,15607040,13391.96
15607040,15715142,15597.67
15715142,15810978,29040.36
15810978,15668886,12907.08
15668886,15780804,15126.85
15780804,15613880,5917.55
15613880,15775238,18705.12
15775238,15786905,19965.96
15786905,15747867,20754.65
15747867,15600337,10839.69
15600337,15801277,33580.03
15801277,15579334,8288.75
15579334,15802741,13020.7
15802741,15720649,9775.5
15720649,15589493,5302.33
15589493,15688251,23591.73
15688251,15665238,8589.33
15665238,15740900,6982.31
15740900,15681068,27380.71
15681068,15748625,17485.51
15748625,15727299,2323.51
15727299,15620204,12409.47
15620204,15669516,13042.74
15669516,15736534,12825.95
15736534,15803457,13440.03
15803457,15659098,14063.23
15659098,15603436,47645.54
15603436,15566292,34217.29
15566292,15808621,2822.64
15808621,15580148,26364.78
15580148,15776231,6187.54
15776231,15773809,7858.21
15773809,15649423,13526.29
15649423,15734886,7665.55
15734886,15722548,7314.62
15722548,15650288,8596.36
15650288,15629448,17446.56
15629448,15716164,18364.07
15716164,15807609,46016.29
15807609,15578977,15149.27
15578977,15677369,30145.4
15677369,15804072,13885.58
15804072,15696859,24152.04
15696859,15653780,18892.46
15653780,15721658,23816.69
15721658,15578761,29477.36
15578761,15736879,8446.26
15736879,15571973,8964.2
15571973,15626742,32156.17
15626742,15672692,12728.86
15672692,15673570,4404.58
15673570,15767432,17028.75
15767432,15654238,21863.3
15654238,15612525,9592.91
15612525,15812750,9171.3
15812750,15790757,13856.32
15790757,15723873,10299.14
15723873,15744607,17371.7
15744607,15612966,8406.17
15612966,15784209,38621.87
15784209,15794278,9264.97
15794278,15766741,14841.47
15766741,15661036,9383.34
15661036,15705639,13516.22
15705639,15637414,22667.38
15637414,15716835,54326.51
15716835,15696231,7836.17
15696231,15641675,24189.28
15641675,15670755,13235.78
15670755,15640059,13139.83
15640059,15787619,20713.8
15787619,15587535,12095.97
15587535,15813034,109791.5
15813034,15698839,17253.52
15698839,15790314,18975.68
15790314,15634245,8723.66
15634245,15677305,8552.66
15677305,15661526,13626.04
15661526,15685997,19619.78
15685997,15660101,13768.35
15660101,15637979,4130.79
15637979,15815364,20960.8
15815364,15647099,8869.01
15647099,15625944,2248.27
15625944,15583212,10757.23
15583212,15582741,17936.38
15582741,15637876,15698.37
15637876,15622750,10092.8
15622750,15672056,20799.87
15672056,15812351,23790.85
15812351,15810864,35398.71
15810864,15677921,18183
15677921,15724296,21042.69
15724296,15685329,2756.14
15685329,15584091,46623.72
15584091,15640442,53285.12
15640442,15639314,28173.58
15639314,15685320,12632.91
15685320,15789158,13076.56
15789158,15752137,26777.46
15752137,15712551,3285.29
15712551,15628936,2671.4
15628936,15797227,25334.03
15797227,15769974,14884.6
15769974,15737051,13086.25
15737051,15585595,31176.72
15585595,15654060,13317.29
15654060,15745196,17295.89
15745196,15571221,7319.18
15571221,15660155,8193.37
15660155,15605284,10610.93
15605284,15694366,19990.66
15694366,15600739,21119.83
15600739,15653253,14603.02
15653253,15763431,7594.3
15763431,15643696,12128.65
15643696,15707473,21251.69
15707473,15769504,28020.25
15769504,15776807,4707.06
15776807,15686870,19466.64
15686870,15668747,37004.21
15668747,15766908,4835.88
15766908,15570134,15285.31
15570134,15567367,32950.94
15567367,15747542,16679.72
15747542,15762238,20870.55
15762238,15681554,17453.21
15681554,15712825,32340.47
15712825,15640280,3430.64
15640280,15756026,1410.37
15756026,15613319,12576.86
15613319,15798906,11801.09
15798906,15708917,15770.38
15708917,15778463,39184.65
15778463,15699430,15789.95
15699430,15649992,21479.69
15649992,15578980,29157.21
15578980,15775306,22020.43
15775306,15641655,24530.14
15641655,15619708,41162.55
15619708,15734565,10413.52
15734565,15806438,13876.08
15806438,15591969,13496.84
15591969,15747807,6345.24
15747807,15596939,12775.79
15596939,15716155,23977.43
15716155,15765311,1142.28
15765311,15757811,4024.77
15757811,15603830,28953.72
15603830,15660602,52963.26
15660602,15660535,10020.79
15660535,15666633,17899.71
15666633,15596914,18020.74
15596914,15639788,34843.91
15639788,15695846,0
15695846,15726234,13908.57
15726234,15797964,17378.35
15797964,15625881,13200.44
15625881,15780628,12605.17
15780628,15575883,14255.32
15575883,15585036,20900.95
15585036,15589488,18174.64
15589488,15585888,30126.02
15585888,15727915,10325.36
15727915,15707567,10853.94
15707567,15737792,18456.6
15737792,15599433,13413.24
15599433,15672012,21520.92
15672012,15806983,17589.63
15806983,15592222,9691.71
15592222,15608968,7560.86
15608968,15586959,27802.13
15586959,15646558,10388.63
15646558,15725811,14941.79
15725811,15572265,10530.18
15572265,15794048,25583.12
15794048,15677610,17801.29
15677610,15745012,8279.25
15745012,15601589,10060.88
15601589,15686436,23151.69
15686436,15693864,14573.76
15693864,15760550,5803.17
15760550,15686137,21674.06
15686137,15809087,35666.04
15809087,15807663,16507.96
15807663,15809100,22377.25
15809100,15794916,10559.06
15794916,15614215,9027.66
15614215,15805449,7419.12
15805449,15686983,7393.47
15686983,15808017,13226.09
15808017,15756804,20804.05
15756804,15646810,23698.51
15646810,15710424,24793.67
15710424,15799422,26292.77
15799422,15692750,24263.76
15692750,15794549,12991.06
15794549,15803764,10469
15803764,15674840,10437.46
15674840,15653762,9099.67
15653762,15581229,16326.7
15581229,15800228,21687.55
15800228,15656333,15546.56
15656333,15697497,33701.63
15697497,15585362,12829.56
15585362,15571928,41506.26
15571928,15785519,32991.41
15785519,15743007,3193.71
15743007,15777211,2205.14
15777211,15721935,2392.29
15721935,15591711,19967.67
15591711,15625021,15227.74
15625021,15702968,16466.92
15702968,15600462,14391.17
15600462,15768104,18964.28
15768104,15780140,15956.58
15780140,15585255,5123.92
15585255,15772781,16373.82
15772781,15669987,18311.82
15669987,15697000,7363.45
15697000,15733119,4755.13
15733119,15782390,12644.69
15782390,15654700,10548.99
15654700,15632210,13009.87
15632210,15642041,13739.28
15642041,15709737,16425.5
15709737,15792388,11955.56
15792388,15786014,11557.89
15786014,15794580,34346.49
15794580,15675964,25366.52
15675964,15814275,61115.02
15814275,15724848,15042.11
15724848,15754713,31328.34
15754713,15693814,1891.45
15693814,15599660,19956.46
15599660,15746490,10257.72
15746490,15566091,21994.97
15566091,15655961,27501.74
15655961,15710404,19254.98
15710404,15775625,22930.34
15775625,15792328,23358.22
15792328,15719856,20379.59
15719856,15593773,40439.22
15593773,15733114,5979.68
15733114,15797748,22092.44
15797748,15743411,54221.63
15743411,15753337,23300.65
15753337,15601026,0
15601026,15658485,23691.1
15658485,15636731,26185.23
15636731,15628303,12388.76
15628303,15633461,16652.55
15633461,15677135,2378.8
15677135,15590876,11783.42
15590876,15790782,19823.84
15790782,15700476,29385.78
15700476,15634141,5343.75
15634141,15737795,38680.96
15737795,15790299,2158.78
15790299,15675316,10380.84
15675316,15613630,7479.54
15613630,15662100,23214.39
15662100,15668032,25301.92
15668032,15599289,33155.76
15599289,15754084,9702.35
15754084,15676521,11159.27
15676521,15804586,12684.97
15804586,15781465,2909.66
15781465,15729362,61789.33
15729362,15709295,48845.58
15709295,15745324,23687.3
15745324,15741336,10572.74
15741336,15783659,29389.58
15783659,15620981,20707.72
15620981,15630328,4183.42
15630328,15785899,5585.62
15785899,15606149,34052.94
15606149,15671139,19289.18
15671139,15660429,39137.91
15660429,15571002,23660.51
15571002,15631681,23442.77
15631681,15731522,5556.93
15731522,15619529,11884.5
15619529,15628034,62827.49
15628034,15686164,11381.76
15686164,15582797,7892.79
15582797,15753831,466.07
15753831,15731815,67034.85
15731815,15580956,13400.51
15580956,15602084,17982.74
15602084,15589805,29702.13
15589805,15720893,13200.63
15720893,15641009,7579.67
15641009,15605926,6346.19
15605926,15805955,19062.13
15805955,15801488,36284.87
15801488,15605918,20899.43
15605918,15779711,17243.45
15779711,15705620,30068.07
15705620,15685357,33334.74
15685357,15570060,37158.49
15570060,15582616,8803.46
15582616,15799515,8011.54
15799515,15642937,16249.37
15642937,15624729,26463.58
15624729,15566156,11902.36
15566156,15792360,2754.24
15792360,15807008,12115.73
15807008,15704770,9293.28
15704770,15756475,17735.17
15756475,15655339,9294.23
15655339,15613749,15192.4
15613749,15664521,51020.7
15664521,15681206,25138.14
15681206,15745527,19229.9
15745527,15806926,31281.79
15806926,15724563,17245.35
15724563,15782899,12107.75
15782899,15623521,6570.77
15623521,15810218,9566.12
15810218,15645621,22445.08
15645621,15608114,43239.44
15608114,15659557,4724.92
15659557,15787772,48727.21
15787772,15685805,10300.28
15685805,15627971,25667.1
15627971,15783025,10855.46
15783025,15726289,13481.26
15726289,15802118,4772.8
15802118,15607990,48737.66
15607990,15695932,12791.37
15695932,15812279,48050.62
15812279,15687558,6464.94
15687558,15729065,15204.75
15729065,15698902,3701.77
15698902,15570192,69605.17
15570192,15809265,2654.49
15809265,15745201,7968.41
15745201,15580623,3655.79
15580623,15578156,568.1
15578156,15631063,21859.12
15631063,15692577,22040.95
15692577,15810910,37693.91
15810910,15723217,15747.58
15723217,15733111,12912.59
15733111,15610727,34533.64
15610727,15792720,34167.32
15792720,15723153,8647.28
15723153,15802823,19121.03
15802823,15756118,5994.12
15756118,15684934,12270.58
15684934,15776936,25330.8
15776936,15729087,24712.54
15729087,15786463,22478.9
15786463,15717498,16790.49
15717498,15718406,4808.9
15718406,15799468,27460.51
15799468,15626383,3083.13
15626383,15597385,21471.52
15597385,15570271,10657.1
15570271,15690330,26866.38
15690330,15680611,2990.98
15680611,15810227,9395.31
15810227,15807194,18746.54
15807194,15712199,25369.75
15712199,15694995,14728.42
15694995,15723400,6176.9
15723400,15654772,39938.38
15654772,15574743,13498.17
15574743,15807593,20734.89
15807593,15686718,5796.52
15686718,15695299,21031.86
15695299,15722701,16870.29
15722701,15799635,21442.07
15799635,15742323,12808.09
15742323,15658435,7296.76
15658435,15586029,11116.9
15586029,15772337,18229.74
15772337,15807555,7090.04
15807555,15603378,33061.33
15603378,15792862,16958.26
15792862,15657349,17105.13
15657349,15777614,29035.8
15777614,15653952,12744.44
15653952,15724336,16385.6
15724336,15689594,23371.33
15689594,15801920,10637.91
15801920,15653347,28135.2
15653347,15749951,32193.22
15749951,15648178,16348.17
15648178,15738662,18446.15
15738662,15640855,30862.84
15640855,15584288,13307.03
15584288,15760988,6373.36
15760988,15569624,9526.41
15569624,15597949,5069.96
15597949,15604551,21802.12
15604551,15617476,20576.43
15617476,15645323,15407.67
15645323,15793311,25509.02
15793311,15764153,22674.79
15764153,15802560,4554.49
15802560,15728608,7843.01
15728608,15770474,5150.71
15770474,15724444,12013.51
15724444,15753110,15695.9
15753110,15711521,10443.54
15711521,15632816,22649.52
15632816,15693637,3254.51
15693637,15725509,27767.74
15725509,15684645,3934.14
15684645,15692235,6593.95
15692235,15777459,23756.65
15777459,15656937,27011.16
15656937,15610643,15648.59
15610643,15777315,16381.61
15777315,15611058,6940.7
15611058,15630413,26615.01
15630413,15635942,4227.88
15635942,15648858,15337.18
15648858,15810732,23259.04
15810732,15705448,18384.21
15705448,15730488,31397.31
15730488,15620443,7637.05
15620443,15741078,19793.44
15741078,15753161,11351.93
15753161,15711396,9176.05
15711396,15593499,11475.62
15593499,15579189,12171.02
15579189,15743545,11710.46
15743545,15791316,24149.95
15791316,15608246,25125.41
15608246,15676526,7268.83
15676526,15813911,22190.67
15813911,15630195,13376.19
15630195,15736250,20944.27
15736250,15671334,13542.63
15671334,15574169,3128.92
15574169,15718839,12665.59
15718839,15762331,1957.38
15762331,15606901,37882.58
15606901,15713559,14942.17
15713559,15768881,27163.54
15768881,15743075,9255.47
15743075,15660980,12485.28
15660980,15810942,26280.99
15810942,15728362,11688.99
15728362,15683339,24590.94
15683339,15685476,13495.51
15685476,15663650,19441.37
15663650,15617434,17829.98
15617434,15622470,24273.07
15622470,15703682,34930.17
15703682,15727391,12476.92
15727391,15711062,28747.57
15711062,15567339,29776.99
15567339,15760662,22412.02
15760662,15605737,36172.39
15605737,15692977,35122.45
15692977,15672082,33137.52
15672082,15600280,23410.47
15600280,15804052,13265.23
15804052,15576065,12915.06
15576065,15796838,14889.35
15796838,15693526,7056.98
15693526,15748595,8399.33
15748595,15679029,10007.49
15679029,15753639,9641.17
15753639,15604138,24655.92
15604138,15666095,19007.41
15666095,15643487,13073.9
15643487,15764033,22253.37
15764033,15747288,15198.86
15747288,15790599,34269.54
15790599,15737705,22333.55
15737705,15737194,8255.5
15737194,15726776,21701.8
15726776,15804357,31883.33
15804357,15664432,5597.02
15664432,15688984,11970.95
15688984,15583026,5157.17
15583026,15771668,13150.85
15771668,15779904,16269.51
15779904,15784323,14947.87
15784323,15756277,24525.96
15756277,15663312,1789.04
15663312,15793197,31070.7
15793197,15731463,8417.19
15731463,15621768,10817.27
15621768,15691323,14792.26
15691323,15781326,27296.54
15781326,15595640,5321.52
15595640,15814331,20371.61
15814331,15602030,4835.12
15602030,15747974,11582.97
15747974,15611315,13854.99
15611315,15636977,15639.28
15636977,15690337,8904.92
15690337,15680666,16766.93
15680666,15679551,14080.9
15679551,15778915,17897.24
15778915,15568849,24333.68
15568849,15747762,9146.03
15747762,15753679,4006.91
15753679,15750049,23681.6
15750049,15606097,19227.43
15606097,15802368,7039.31
15802368,15767488,13502.73
15767488,15669946,14221.69
15669946,15612103,21412.43
15612103,15645353,20759.4
15645353,15650018,9314.56
15650018,15659002,10197.87
15659002,15616028,9169.97
15616028,15660475,21117.17
15660475,15652615,38771.4
15652615,15653572,4854.5
15653572,15628059,3493.91
15628059,15703413,20140.76
15703413,15610433,23044.34
15610433,15770548,14221.5
15770548,15645637,14388.32
15645637,15590888,10605.42
15590888,15568326,44520.8
15568326,15655368,14076.15
15655368,15665579,22077.05
15665579,15676091,7558.01
15676091,15716984,9200.94
15716984,15715078,16545.77
15715078,15569452,11344.71
15569452,15628863,15118.3
15628863,15778192,16903.35
15778192,15793723,6219.27
15793723,15798943,9554.91
15798943,15764708,6642.78
15764708,15791040,6456.39
15791040,15631512,28014.36
15631512,15640106,8161.45
15640106,15710315,11001
15710315,15771535,18311.44
15771535,15611947,4301.22
15611947,15670266,15037.36
15670266,15609083,42533.02
15609083,15567923,10031.43
15567923,15788183,12697.32
15788183,15735782,15703.12
15735782,15774401,2546.76
15774401,15737971,15822.44
15737971,15758750,28892.73
15758750,15611767,5848.2
15611767,15643770,8529.67
15643770,15744717,20507.27
15744717,15570681,10853.56
15570681,15792650,6509.78
15792650,15605531,12618.09
15605531,15605339,11801.47
15605339,15672216,26791.14
15672216,15812893,8915.37
15812893,15624180,18761.74
15624180,15701364,29836.65
15701364,15762588,30256.74
15762588,15806318,22542.93
15806318,15712596,18450.52
15712596,15600399,10820.69
15600399,15576216,24850.1
15576216,15620750,21442.83
15620750,15623489,30837.76
15623489,15667944,6077.53
15667944,15584928,12218.52
15584928,15779913,69227.64
15779913,15644977,34961.14
15644977,15749679,18114.22
15749679,15629010,20052.98
15629010,15768465,27155.94
15768465,15767781,65310.98
15767781,15635364,9506.08
15635364,15722004,4637.52
15722004,15766044,1080.53
15766044,15586680,11260.92
15586680,15635388,1758.07
15635388,15655175,18305.74
15655175,15639133,31551.21
15639133,15799653,9219.94
15799653,15723872,25106.98
15723872,15775627,6909.35
15775627,15630704,3835.72
15630704,15815534,14713.22
15815534,15697249,20532.54
15697249,15681316,15568.41
15681316,15682523,15696.47
15682523,15650244,28406.14
15650244,15648638,14282.3
15648638,15795747,14335.5
15795747,15607330,20824.95
15607330,15624013,2891.23
15624013,15800805,16386.93
15800805,15667321,5015.05
15667321,15601116,2603.57
15601116,15622033,19083.22
15622033,15758451,9236.28
15758451,15688689,13845.11
15688689,15652674,24103.02
15652674,15806327,39856.87
15806327,15649618,6088.74
15649618,15677117,26033.42
15677117,15751445,29551.46
15751445,15749669,33989.29
15749669,15656351,17143.32
15656351,15667438,12988.4
15667438,15682273,22821.85
15682273,15580912,61100.2
15580912,15785183,8892.19
15785183,15705383,7230.26
15705383,15712903,25430.36
15712903,15774285,20586.5
15774285,15583138,13980.39
15583138,15740160,15468.47
15740160,15793425,8337.96
15793425,15749265,18122.39
15749265,15623989,18753.76
15623989,15604832,9555.29
15604832,15584580,5672.83
15584580,15573854,6733.79
15573854,15614847,32238.82
15614847,15679966,1845.47
15679966,15799435,9199.04
15799435,15752186,3586.06
15752186,15705544,16383.7
15705544,15713632,5356.67
15713632,15586523,24291.88
15586523,15609176,6852.16
15609176,15769308,9391.89
15769308,15676810,15488.23
15676810,15634591,4789.71
15634591,15679804,21220.34
15679804,15677764,7159.96
15677764,15571917,18759.84
15571917,15574608,16421.89
15574608,15740868,19546.44
15740868,15702442,2928.28
15702442,15699797,14431.26
15699797,15648047,28005.43
15648047,15766826,18925.9
15766826,15591628,21211.6
15591628,15583857,15902.24
15583857,15752534,27437.9
15752534,15741403,40525.1
15741403,15783589,22583.02
15783589,15598046,5864.16
15598046,15643330,38667.47
15643330,15680405,1513.73
15680405,15728683,17432.12
15728683,15621644,17186.45
15621644,15733032,42253.53
15733032,15608381,18230.69
15608381,15658946,9665.87
15658946,15757912,15739.79
15757912,15645371,9341.35
15645371,15653110,10008.63
15653110,15766355,13121.97
15766355,15585249,15398.93
15585249,15611786,30847.26
15611786,15575486,10431.95
15575486,15780215,13037.23
15780215,15686099,3193.52
15686099,15739042,14325.62
15739042,15815316,31159.62
15815316,15778489,27994.98
15778489,15786389,19692.17
15786389,15601787,14998.6
15601787,15624715,17513.82
15624715,15763093,17062.38
15763093,15572073,19812.44
15572073,15780256,3385.61
15780256,15659305,25864.89
15659305,15638882,8904.35
15638882,15714680,26187.7
15714680,15777217,12384.39
15777217,15739123,11514.19
15739123,15594450,17511.54
15594450,15797751,11070.35
15797751,15691543,3553
15691543,15722845,6637.84
15722845,15605804,19424.65
15605804,15702061,8360.57
15702061,15694321,12569.26
15694321,15798749,14853.63
15798749,15720050,11604.25
15720050,15758048,6254.8
15758048,15805681,20659.27
15805681,15802809,23036.93
15802809,15807239,7141.72
15807239,15749093,5768.97
15749093,15689344,19058.52
15689344,15606076,14162.6
15606076,15610090,30182.83
15610090,15693926,16084.45
15693926,15791501,22281.87
15791501,15621870,15500.39
15621870,15734711,27331.5
15734711,15814405,11117.28
15814405,15729359,16410.68
15729359,15606944,24913.37
15606944,15671934,9197.33
15671934,15641773,3439.38
15641773,15701972,19892.81
15701972,15749114,24166.86
15749114,15780362,28423.43
15780362,15753229,19177.65
15753229,15656009,13390.06
15656009,15785024,17505.46
15785024,15670492,24246.47
15670492,15795458,5946.43
15795458,15732438,4517.63
15732438,15781987,13947.52
15781987,15775826,12229.92
15775826,15807457,8199.45
15807457,15632538,42558.1
15632538,15641389,21459.55
15641389,15657306,33115.67
15657306,15709447,27757.29
15709447,15762682,4198.43
15762682,15626042,25816.82
15626042,15597109,10953.5
15597109,15756148,23363.92
15756148,15665634,17602.93
15665634,15739997,14991
15739997,15686242,18792.71
15686242,15759244,20072.93
15759244,15672027,41217.84
15672027,15594576,802.56
15594576,15707138,10385.97
15707138,15756954,9758.97
15756954,15619130,26755.23
15619130,15639665,32324.51
15639665,15571065,1752.56
15571065,15686060,11132.29
15686060,15615753,30831.11
15615753,15800961,5523.49
15800961,15763065,34508.37
15763065,15672467,21976.92
15672467,15752915,14477.43
15752915,15744695,19455.81
15744695,15584897,14335.31
15584897,15601857,27752.54
15601857,15674156,72357.89
15674156,15695465,18788.34
15695465,15792232,4124.33
15792232,15807900,16255.83
15807900,15743760,17224.45
15743760,15652835,13088.72
15652835,15767818,24743.89
15767818,15591150,19672.98
15591150,15734659,35215.36
15734659,15796115,22845.98
15796115,15724648,25139.66
15724648,15737732,15616.1
15737732,15632280,10569.13
15632280,15750407,28583.98
15750407,15795370,12148.98
15795370,15656829,4754.56
15656829,15643794,31292.05
15643794,15798605,6361.2
15798605,15637324,10184
15637324,15589589,11344.52
15589589,15778936,28223.17
15778936,15757385,14626.77
15757385,15666200,10866.86
15666200,15683977,3878.66
15683977,15675518,10503.96
15675518,15584812,17862.66
15584812,15752984,3409.36
15752984,15577913,21047.25
15577913,15591980,9188.97
15591980,15598948,1403.72
15598948,15574142,10893.27
15574142,15766044,25176.14
15766044,15586680,13778.23
15586680,15635388,278.92
15635388,15655175,22965.68
15655175,15639133,8946.15
15639133,15799653,14675.41
15799653,15723872,9770.94
15723872,15775627,31831.65
15775627,15630704,8165.63
15630704,15815534,22554.71
15815534,15697249,3655.41
15697249,15681316,12180.14
15681316,15682523,14826.65
15682523,15650244,16916.46
15650244,15648638,15129.7
15648638,15795747,24349.64
15795747,15607330,10152.84
15607330,15624013,34440.92
15624013,15800805,27675.59
15800805,15667321,31660.46
15667321,15601116,2971.41
15601116,15622033,10999.29
15622033,15758451,23908.84
15758451,15688689,15557.77
15688689,15652674,20063.43
15652674,15806327,21496.22
15806327,15649618,9507.6
15649618,15677117,11148.25
15677117,15751445,4203.94
15751445,15749669,13909.14
15749669,15656351,10932.98
15656351,15667438,34946.13
15667438,15682273,23279.18
15682273,15580912,15673.48
15580912,15785183,18058.17
15785183,15705383,5943.39
15705383,15712903,12880.48
15712903,15774285,32809.39
15774285,15583138,10873.89
15583138,15740160,19368.41
15740160,15793425,2344.03
15793425,15749265,10978.77
15749265,15623989,25555.76
15623989,15604832,7382.26
15604832,15584580,53604.32
15584580,15573854,22264.77
15573854,15614847,15072.89
15614847,15679966,2224.9
15679966,15799435,18171.03
15799435,15752186,18365.97
15752186,15705544,23585.46
15705544,15713632,36612.62
15713632,15586523,15700.84
15586523,15609176,13606.47
15609176,15769308,12731.9
15769308,15676810,7817.55
15676810,15634591,18967.51
15634591,15679804,2086.01
15679804,15677764,13924.34
15677764,15571917,80062.58
15571917,15574608,9482.14
15574608,15740868,8120.6
15740868,15702442,6374.5
15702442,15699797,11237.36
15699797,15648047,30540.6
15648047,15766826,8689.27
15766826,15591628,7251.73
15591628,15583857,21680.71
15583857,15752534,15712.62
15752534,15741403,24810.39
15741403,15783589,7672.58
15783589,15598046,13257.44
15598046,15643330,23523.9
15643330,15680405,1014.22
15680405,15728683,17915.1
15728683,15621644,10885.86
15621644,15733032,18408.53
15733032,15608381,2618.39
15608381,15658946,28995.52
15658946,15757912,8552.85
15757912,15645371,35629.18
15645371,15653110,12847.23
15653110,15766355,22214.8
15766355,15585249,11759.48
15585249,15611786,8085.64
15611786,15575486,55824.28
15575486,15780215,5499.17
15780215,15686099,19515.66
15686099,15739042,28499.24
15739042,15815316,30135.52
15815316,15778489,2231.55
15778489,15786389,8750.64
15786389,15601787,25921.89
15601787,15624715,9675.94
15624715,15763093,16346.08
15763093,15572073,20644.83
15572073,15780256,21628.84
15780256,15659305,21988.51
15659305,15638882,8748.36
15638882,15714680,9149.26
15714680,15777217,951.33
15777217,15739123,19508.63
15739123,15594450,24380.99
15594450,15797751,8103.69
15797751,15691543,20984.55
15691543,15722845,27130.86
15722845,15605804,9693.23
15605804,15702061,15753.66
15702061,15694321,4092.03
15694321,15798749,33406.37
15798749,15720050,23263.41
15720050,15758048,9539.9
15758048,15805681,48180.2
15805681,15802809,32037.42
15802809,15807239,31153.92
15807239,15749093,4017.55
15749093,15689344,9711.28
15689344,15606076,18566.61
15606076,15610090,40594.26
15610090,15693926,13182.39
15693926,15791501,7417.22
15791501,15621870,18654.01
15621870,15734711,3355.78
15734711,15814405,29434.42
15814405,15729359,24273.64
15729359,15606944,26452.75
15606944,15671934,38317.49
15671934,15641773,14572.81
15641773,15701972,25519.47
15701972,15749114,4643.41
15749114,15780362,6508.45
15780362,15753229,39678.65
15753229,15656009,13781.27
15656009,15785024,4787.81
15785024,15670492,13961.96
15670492,15795458,31676.04
15795458,15732438,27208.57
15732438,15781987,4063.91
15781987,15775826,13311.97
15775826,15807457,18105.48
15807457,15632538,23987.69
15632538,15641389,6934.43
15641389,15657306,28294.04
15657306,15709447,10378.75
15709447,15762682,6249.48
15762682,15626042,17410.65
15626042,15597109,37233.35
15597109,15756148,20908.55
15756148,15665634,43827.87
15665634,15739997,52274.13
15739997,15686242,9999.89
15686242,15759244,18304.41
15759244,15672027,90623.73
15672027,15594576,9244.64
15594576,15707138,39847.94
15707138,15756954,16470.15
15756954,15619130,11520.84
15619130,15639665,32149.71
15639665,15571065,14982.07
15571065,15686060,7250.59
15686060,15615753,22066.22
15615753,15800961,24204.1
15800961,15763065,11343.38
15763065,15672467,2191.27
15672467,15752915,717.25
15752915,15744695,9658.84
15744695,15584897,13694.25
15584897,15601857,21702.75
15601857,15674156,15917.63
15674156,15695465,31354.18
15695465,15792232,17160.42
15792232,15807900,6583.69
15807900,15743760,24090.1
15743760,15652835,5097.32
15652835,15767818,14130.3
15767818,15591150,25282.73
15591150,15734659,4609.02
15734659,15796115,1989.87
15796115,15724648,44899.47
15724648,15737732,22278.26
15737732,15632280,2586.28
15632280,15750407,27738.29
15750407,15795370,13509.76
15795370,15656829,4161
15656829,15643794,18492.7
15643794,15798605,13251.93
15798605,15637324,25138.71
15637324,15589589,29077.03
15589589,15778936,45372
15778936,15757385,11970.76
15757385,15666200,8107.49
15666200,15683977,19688.75
15683977,15675518,36334.84
15675518,15584812,21683.94
15584812,15752984,17688.05
15752984,15577913,21799.08
15577913,15591980,42610.35
15591980,15598948,15887.8
15598948,15574142,24890
15574142,15582903,23907.32
15582903,15733229,17007.47
15733229,15635752,19402.23
15635752,15771000,44839.43
15771000,15804864,12837.16
15804864,15641175,24101.12
15641175,15692226,13040.46
15692226,15584156,16601.25
15584156,15702656,5704.75
15702656,15606552,15180.81
15606552,15687001,17047.18
15687001,15781903,30670.75
15781903,15731951,18773.33
15731951,15580953,26653.58
15580953,15810390,1425
15810390,15628274,13395.38
15628274,15615444,4087.28
15615444,15784010,9127.79
15784010,15571586,26754.85
15571586,15748616,26589.93
15748616,15769402,11439.9
15769402,15739248,14592.95
15739248,15603481,15877.92
15603481,15723604,13381.7
15723604,15797822,22608.67
15797822,15665064,17643.97
15665064,15640580,15305.83
15640580,15581089,12705.49
15581089,15728605,66036.78
15728605,15737385,28884.37
15737385,15714789,4164.23
15714789,15786035,24293.4
15786035,15815259,15613.82
15815259,15592716,19023.75
15592716,15734850,18983.09
15734850,15638047,7602.47
15638047,15674573,16737.67
15674573,15694859,6091.21
15694859,15776404,8676.16
15776404,15579345,7439.45
15579345,15690733,15885.33
15690733,15631481,11682.34
15631481,15620988,15708.63
15620988,15571529,44250.62
15571529,15592104,31568.69
15592104,15651900,31493.45
15651900,15596212,7615.01
15596212,15710687,15928.46
15710687,15613787,27242.2
15613787,15599211,24985
15599211,15675983,57306.85
15675983,15622370,49404.18
15622370,15656319,56009.53
15656319,15605130,15600.33
15605130,15672574,10508.52
15672574,15659355,10858.88
15659355,15777907,10731.39
15777907,15655171,14418.91
15655171,15619674,12404.15
15619674,15775192,23514.02
15775192,15617657,25616.18
15617657,15688951,13354.72
15688951,15763460,16173.94
15763460,15756992,14563.5
15756992,15617454,8500.22
15617454,15701932,18534.88
15701932,15700813,7421.78
15700813,15645600,13890.9
15645600,15634146,16680.1
15634146,15686743,22192.19
15686743,15698792,25061.95
15698792,15591724,29266.08
15591724,15571281,14491.11
15571281,15661380,16835.33
15661380,15728885,9211.2
15728885,15618950,43758.71
15618950,15609804,8118.89
15609804,15735849,13188.85
15735849,15652948,1378.64
15652948,15618155,23358.79
15618155,15566378,16590.8
15566378,15565879,84384.51
15565879,15792922,7433.56
15792922,15770567,15977.67
15770567,15738042,12544.18
15738042,15714920,15439.59
15714920,15782121,26660.8
15782121,15673180,48981.05
15673180,15660636,28863.66
15660636,15664504,15162.95
15664504,15790322,29373.24
15790322,15739847,2345.93
15739847,15699415,18217.96
15699415,15665521,38052.63
15665521,15682868,4262.27
15682868,15584462,14049.17
15584462,15661708,16055.76
15661708,15584452,36932.58
15584452,15717010,4942.85
15717010,15643828,928.53
15643828,15733361,7826.48
15733361,15795488,35945.34
15795488,15581551,37894.55
15581551,15632051,14741.34
15632051,15780409,19566.58
15780409,15572767,11739.53
15572767,15590337,17295.51
15590337,15634551,34795.46
15634551,15669290,15262.13
15669290,15621140,8179.69
15621140,15613518,17130.78
15613518,15728043,10082.54
15728043,15570073,9584.55
15570073,15777033,5076.42
15777033,15682454,10082.73
15682454,15758513,3773.02
15758513,15772604,11446.93
15772604,15721715,12237.9
15721715,15688563,30476.19
15688563,15772009,41511.01
15772009,15809585,15385.82
15809585,15593778,3069.26
15593778,15655360,5449.01
15655360,15780909,9772.08
15780909,15757310,30642.44
15757310,15801411,14689.47
15801411,15761706,29043.02
15761706,15658409,14628.86
15658409,15810010,13583.48
15810010,15627027,15368.91
15627027,15624374,10519.92
15624374,15720083,33608.15
15720083,15752294,9036.78
15752294,15743193,26056.22
15743193,15696733,10657.1
15696733,15677522,21279.24
15677522,15643523,23449.23
15643523,15624936,9047.04
15624936,15716085,18091.99
15716085,15641688,25238.46
15641688,15796834,21117.74
15796834,15720123,6901.94
15720123,15604732,8815.81
15604732,15723484,33796.63
15723484,15807120,21097.03
15807120,15810891,11532.81
15810891,15640407,25532.58
15640407,15778838,12677.75
15778838,15709256,34603.37
15709256,15742285,15502.29
15742285,15729019,10450
15729019,15608588,1276.8
15608588,15610557,16329.36
15610557,15786418,23073.98
15786418,15653050,28166.74
15653050,15744914,7377.51
15744914,15669611,3610.57
15669611,15594786,1815.64
15594786,15649211,23182.47
15649211,15766066,23695.85
15766066,15772216,2858.17
15772216,15619898,20178.95
15619898,15724543,24587.71
15724543,15755084,23571.97
15755084,15730441,9834.78
15730441,15666767,16549.76
15666767,15690456,34002.4
15690456,15570533,12737.41
15570533,15797692,1655.09
15797692,15603135,47666.06
15603135,15698927,22127.4
15698927,15687363,8151.76
15687363,15733444,44978.13
15733444,15678057,24554.46
15678057,15806918,6014.64
15806918,15638247,20246.59
15638247,15674833,8048.21
15674833,15812534,29047.58
15812534,15586522,38274.36
15586522,15794297,11947.2
15794297,15737025,9050.08
15737025,15615931,4418.26
15615931,15664860,25289.76
15664860,15664539,20367.81
15664539,15583692,17946.07
15583692,15693131,9323.49
15693131,15779973,18069.95
15779973,15620557,22486.5
15620557,15639549,30490.25
15639549,15618750,14088.88
15618750,15796790,14929.44
15796790,15668309,20973.15
15668309,15732437,21053.52
15732437,15665158,18188.32
15665158,15689322,18785.68
15689322,15596624,14801.38
15596624,15601977,19814.72
15601977,15801462,35097.75
15801462,15566139,32979.44
15566139,15791006,10474.32
15791006,15668057,14363.05
15668057,15580805,2157.45
15580805,15658768,32089.48
15658768,15613048,54402.32
15613048,15803654,25297.55
15803654,15662337,18145.19
15662337,15650924,14681.87
15650924,15647203,19120.27
15647203,15682778,37019.6
15682778,15579820,37095.98
15579820,15709354,15687.35
15709354,15728480,60650.09
15728480,15641091,23227.12
15641091,15603111,34892.55
15603111,15679693,1518.86
15679693,15797190,18514.36
15797190,15788025,41076.86
15788025,15646168,13458.46
15646168,15580493,33269.95
15580493,15726720,40532.32
15726720,15735799,10673.82
15735799,15773098,37085.72
15773098,15668971,3065.65
15668971,15603221,22366.8
15603221,15740043,30843.84
15740043,15712264,9518.81
15712264,15751926,4768.62
15751926,15589401,5551.23
15589401,15742019,16042.27
15742019,15660611,22027.65
15660611,15607634,5373.01
15607634,15595036,25401.86
15595036,15745794,12673.38
15745794,15781689,34569.55
15781689,15696054,8692.5
15696054,15752467,15859.68
15752467,15597739,12989.54
15597739,15651336,18378.51
15651336,15636061,9951.25
15636061,15723013,103778.95
15723013,15784148,20739.26
15784148,15578098,3948.58
15578098,15638621,39464.71
15638621,15720924,27204.96
15720924,15566531,20583.27
15566531,15718064,30598.93
15718064,15605067,18252.73
15605067,15655335,19383.8
15655335,15607301,5255.59
15607301,15694628,13236.16
15694628,15607112,19527.63
15607112,15635775,24401.7
15635775,15644280,14063.42
15644280,15708362,3939.08
15708362,15771997,18166.85
15771997,15730579,5720.52
15730579,15728005,4721.88
15728005,15791674,24733.63
15791674,15754599,7192.07
15754599,15693690,6830.31
15693690,15728963,15705.21
15728963,15659710,16385.22
15659710,15658675,25034.02
15658675,15638788,23320.22
15638788,15609735,26626.6
15609735,15771477,29286.6
15771477,15570145,41753.64
15570145,15797149,5247.61
15797149,15636912,21633.78
15636912,15687828,12066.52
15687828,15667424,2508.95
15667424,15759872,16007.88
15759872,15572374,17388.8
15572374,15754926,12859.58
15754926,15687431,13168.9
15687431,15604515,24687.65
15604515,15682839,9209.87
15682839,15624677,38824.41
15624677,15646366,17886.79
15646366,15701768,2310.59
15701768,15623566,38540.55
15623566,15681274,40587.23
15681274,15762573,27545.44
15762573,15706458,15632.44
15706458,15654222,10271.97
15654222,15704053,16278.63
15704053,15724321,18806.58
15724321,15621815,24404.36
15621815,15724876,11622.11
15724876,15696588,2449.48
15696588,15612832,30093.53
15612832,15804295,12829.94
15804295,15712536,23405.15
15712536,15662494,11877.47
15662494,15807728,27096.66
15807728,15764916,21182.72
15764916,15615330,22528.3
15615330,15638487,21395.71
15638487,15627859,7592.4
15627859,15622192,35665.09
15622192,15789413,21428.39
15789413,15583221,15173.59
15583221,15768495,20845.85
15768495,15644103,26156.73
15644103,15741197,13717.81
15741197,15664547,45443.63
15664547,15797293,11443.13
15797293,15572021,9238.94
15572021,15637461,8415.48
15637461,15620577,22985.44
15620577,15609643,5723.37
15609643,15785358,6236.94
15785358,15603883,14387.18
15603883,15782550,26427.86
15782550,15775761,10096.03
15775761,15680201,11807.93
15680201,15767594,16413.72
15767594,15591985,20455.97
15591985,15789339,46125.54
15789339,15781530,22110.87
15781530,15705174,7770.81
15705174,15572114,7336.66
15572114,15804009,3943.26
15804009,15662698,18949.46
15662698,15696047,57349.98
15696047,15701160,22613.23
15701160,15790093,5613.17
15790093,15632143,25599.46
15632143,15736778,7961.76
15736778,15734917,1117.96
15734917,15643903,13701.66
15643903,15569526,32306.46
15569526,15777067,10146
15777067,15795511,4609.21
15795511,15610419,31971.11
15610419,15644994,6337.26
15644994,15703707,42000.83
15703707,15659327,36624.4
15659327,15771323,8391.73
15771323,15750549,16771.87
15750549,15698462,39478.77
15698462,15739692,6526.69
15739692,15744041,36563.98
15744041,15700714,12336.89
15700714,15777743,18745.21
15777743,15623143,12443.1
15623143,15712568,10749.44
15712568,15617432,6368.99
15617432,15650424,6094.63
15650424,15728829,9627.49
15728829,15680430,22817.86
15680430,15687626,17966.78
15687626,15609187,21647.08
15609187,15609521,19390.64
15609521,15634602,14007.18