Account_Id,Money,Destination_Account_Id,Holder,Manager
15634602,1787,15647311,44431353,230244
15647311,4789,15619304,44431276,230254
15619304,1350,15701354,45983838,230269
15701354,1476,15737888,44475904,230277
15737888,0,15574012,43877389,240001
15574012,747,15592531,44431198,240002
15592531,307,15656148,44431121,240010
15656148,147,15792365,44431044,240036
15792365,221,15592389,45987719,240047
15592389,-88,15767821,45943086,240053
15767821,9374,15737173,45942459,240057
15737173,264,15632264,45942229,240063
15632264,1109,15691483,45941983,240078
15691483,502,15600882,45898359,240088
15600882,360,15643966,45886372,240093
15643966,194,15737452,45886371,240100
15737452,4073,15788218,45864590,240106
15788218,2317,15661507,45863153,240115
15661507,-221,15568982,45862971,250001
15568982,132,15577657,45852535,250004
15577657,0,15597945,45850607,250009
15597945,16,15699309,45800965,250019
15699309,106,15725737,45800836,250031
15725737,93,15625047,45795675,250034
15625047,543,15738191,45795582,250040
15738191,5883,15736816,45795234,250048
15736816,627,15700772,44430967,250069
15700772,696,15728693,45767587,250078
15728693,784,15656300,45767425,250094
15656300,105,15589475,45751466,250100
15589475,4189,15706552,45735981,450651
15706552,171,15750181,45735025,250102
15750181,42,15659428,45596728,250104
15659428,2536,15732963,45583580,250141
15732963,1235,15794171,45578504,260001
15794171,1811,15788448,45571287,260005
15788448,229,15729599,45403745,260006
15729599,2089,15717426,45395917,260009
15717426,3935,15585768,45395916,260020
15585768,363,15619360,45359510,260025
15619360,11971,15738148,45348204,260027
15738148,553,15687946,45319796,260032
15687946,1117,15755196,45307667,260040
15755196,396,15684171,45182453,260047
15684171,2204,15754849,45182452,260065
15754849,872,15602280,45182449,260068
15602280,145,15771573,45168511,260077
15771573,0,15766205,45123683,260085
15766205,-849,15771873,45105047,260091
15771873,4629,15616550,45094595,260095
15616550,844,15768193,45094582,260096
15768193,228,15683553,45014230,260104
15683553,50,15702298,45008032,260108
15702298,1539,15569590,44821932,260110
15569590,2231,15760861,44812223,260119
15760861,3064,15630053,44429318,260137
15630053,82,15647091,45945049,260138
15647091,2155,15623944,45945048,260141
15623944,101,15804771,44740613,260176
15804771,784,15651280,44739540,260177
15651280,-516,15773469,46026256,260179
15773469,415,15702014,46016066,260180
15702014,5887,15751208,46016034,260183
15751208,1355,15592461,45985897,260186
15592461,16873,15789484,45985898,270004
15789484,203,15696061,45985546,270012
15696061,338,15641582,44430812,270014
15641582,444,15638424,45923207,270049
15638424,0,15755648,45922934,270051
15755648,360,15703793,45787945,280003
15703793,0,15620344,45709422,280009
15620344,2,15812518,45491612,280013
15812518,6248,15779052,45491535,280040
15779052,412,15770811,45491398,280060
15770811,344,15780961,45463374,280061
15780961,3222,15614049,45374450,280081
15614049,174,15662085,45369965,280125
15662085,591,15575185,45358574,280128
15575185,388,15803136,45347634,290001
15803136,219,15706021,45347636,290003
15706021,451,15663706,45318811,290009
15663706,5,15641732,44669068,290019
15641732,177,15701164,44403673,290021
15701164,657,15738751,44391932,290022
15738751,1315,15805254,44247112,290039
15805254,1466,15762418,42662787,290041
15762418,879,15625759,39777150,290045
15625759,293,15622897,33675085,290046
15622897,424,15767954,46005034,290053
15767954,1831,15757535,45981200,300001
15757535,111,15731511,45980962,300003
15731511,455,15809248,45980961,300005
15809248,-195,15640635,45980908,300011
15640635,3616,15676966,45947103,300012
15676966,14093,15699461,45947074,300023
15699461,1567,15738721,45947041,300029
15738721,5426,15693683,45946873,300034
15693683,261,15604348,45946740,310001
15604348,2843,15633059,44430580,310009
15633059,406,15808582,45942818,310012
15808582,0,15743192,45942311,310014
15743192,493,15580146,45941986,310015
15580146,5996,15776605,45941733,310019
15776605,3777,15804919,45886367,310021
15804919,524,15613854,45886232,310022
15613854,574,15599195,45874592,310029
15599195,427,15812878,45864238,310031
15812878,483,15602312,45863033,310032
15602312,3391,15744689,45862802,310034
15744689,0,15803526,45856155,310038
15803526,2488,15665790,45852503,310041
15665790,1517,15715951,45851317,310045
15715951,217,15591100,45833873,310047
15591100,22,15609618,45800872,310048
15609618,331,15675522,45800716,310050
15675522,505,15705512,45795614,310051
15705512,1808,15698028,45795550,310052
15698028,4111,15661670,45795183,310057
15661670,52,15600781,45782875,310064
15600781,25,15682472,45782430,310070
15682472,1890,15580203,45782176,310073
15580203,419,15690673,45758856,310075
15690673,2693,15760085,45743606,310076
15760085,-231,15779659,45735782,310081
15779659,-55,15627360,45734955,310086
15627360,462,15671137,45717652,310108
15671137,119,15782688,45704612,310111
15782688,586,15575492,45697318,310113
15575492,228,15591607,45696774,320009
15591607,4659,15740404,45612428,320018
15740404,168,15718369,45596351,320021
15718369,0,15677871,45593642,320063
15677871,-715,15642004,45593610,320083
15642004,0,15712543,45593571,320085
15712543,769,15584518,45593515,320086
15584518,0,15802381,45583504,330005
15802381,428,15610156,45578440,330011
15610156,0,15594408,45577835,330013
15594408,-970,15640905,45577834,330023
15640905,6313,15698932,45571242,330024
15698932,948,15724944,45555304,330028
15724944,0,15628145,45554432,330044
15628145,1877,15713483,45554240,330057
15713483,874,15612350,45554172,330059
15612350,323,15800703,45519978,330067
15800703,106,15705707,45507117,330078
15705707,1906,15754105,45502376,330090
15754105,1152,15703264,45396391,330101
15703264,179,15794413,45389196,330106
15794413,391,15650237,45384575,330119
15650237,89,15759618,45384513,330125
15759618,442,15811589,45373215,330126
15811589,-249,15689044,45373166,330136
15689044,8104,15709368,45361631,330140
15709368,501,15679145,45340773,330153
15679145,308,15655007,44429885,330158
15655007,602,15623595,45333936,330160
15623595,273,15589975,45309050,330167
15589975,50,15804017,45295935,330169
15804017,1641,15692132,45295259,330182
15692132,20,15641122,45295174,330185
15641122,4590,15630910,45175101,330188
15630910,-256,15680772,45175036,330191
15680772,978,15658929,45174934,330194
15658929,80,15585388,45161580,330195
15585388,2104,15724623,45116943,330198
15724623,499,15588537,45090568,330203
15588537,1269,15574692,45086978,330214
15574692,310,15611325,45086052,330222
15611325,1143,15587562,45066583,330224
15587562,2980,15613172,45003858,330234
15613172,37,15651022,45002799,330236
15651022,462,15586310,44846646,330241
15586310,1031,15625524,44844312,330245
15625524,9009,15755209,44809477,330250
15755209,-465,15645248,44425828,330264
15645248,5181,15790355,44204368,330285
15790355,176,15762615,43880580,330286
15762615,1699,15625426,43632789,330304
15625426,0,15716334,43143426,330394
15716334,172,15789669,42564378,330401
15789669,0,15621075,46022142,340001
15621075,6979,15810845,46022141,340002
15810845,6,15719377,46018770,340004
15719377,-62,15654506,45987770,340014
15654506,1972,15771977,45987736,340017
15771977,899,15708710,45987713,340027
15708710,21,15726676,45987675,340028
15726676,23,15587421,45974091,340030
15587421,-1206,15726931,45957260,340032
15726931,0,15771086,45947082,340040
15771086,215,15756850,45947054,340047
15756850,1372,15702741,45946882,340050
15702741,1981,15679200,45946816,340053
15679200,9216,15594815,45942787,340069
15594815,39,15635905,45942234,340070
15635905,5563,15777892,45941779,340073
15777892,1,15656176,45941515,340091
15656176,782,15811127,45924872,340098
15811127,3771,15604482,45924871,340109
15604482,992,15622911,45924870,340113
15622911,1526,15600974,45924873,340114
15600974,2658,15727868,45917804,340115
15727868,1315,15627801,45912782,340116
15627801,455,15773039,45910327,340131
15773039,0,15755262,45893802,340141
15755262,2030,15679531,45893805,340143
15679531,1599,15684181,45893807,350002
15684181,-196,15612087,45893808,350006
15612087,1333,15752047,45893801,350011
15752047,9149,15624592,45886341,350015
15624592,-350,15573152,45886201,350019
15573152,432,15594917,45875089,350070
15594917,11494,15785542,45864102,360006
15785542,-253,15723488,45862957,360008
15723488,372,15680920,45862591,360009
15680920,1410,15786308,45859158,360012
15786308,975,15659366,45856136,360017
15659366,305,15774854,45852474,360019
15774854,400,15725311,45851302,360020
15725311,-22,15787155,45833853,360025
15787155,4030,15727829,45800805,360027
15727829,365,15733247,45800695,360035
15733247,204,15568748,45795577,360039
15568748,1691,15699029,45795249,360041
15699029,406,15774393,45795175,360048
15774393,-204,15676895,45782860,360051
15676895,359,15637753,45782390,360052
15637753,123,15605461,45782158,360056
15605461,0,15808473,45758829,360059
15808473,142,15627000,45745040,360064
15627000,3571,15787174,45743583,360066
15787174,33,15723886,45737114,360068
15723886,0,15704769,45735578,360070
15704769,3096,15772896,45734907,360072
15772896,20,15711540,45717641,360077
15711540,3576,15764866,45698944,360078
15764866,206,15794056,45697234,360079
15794056,7082,15795149,45696700,360084
15795149,1634,15812009,45612409,360085
15812009,1,15651001,45596342,360086
15651001,4012,15813844,45583450,360095
15813844,3762,15596175,45578378,360098
15596175,-247,15576269,45577864,360112
15576269,606,15797219,45577777,360118
15797219,0,15685500,44428880,360132
15685500,-189,15599792,45570936,360133
15599792,0,15657566,45560497,360134
15657566,484,15772423,45560498,360137
15772423,0,15628112,45555288,360145
15628112,395,15753754,45554252,360147
15753754,2349,15793726,45554209,360155
15793726,410,15694717,45554124,360159
15694717,3401,15665834,45518854,360161
15665834,222,15765297,44429035,360163
15765297,989,15636684,45502346,360172
15636684,415,15592979,45396387,360179
15592979,16,15750803,45389189,360180
15750803,7190,15607178,45384550,360211
15607178,482,15713853,45384497,360230
15713853,209,15673481,45373187,360262
15673481,0,15686776,45373060,370001
15686776,5803,15673693,45361590,370016
15673693,624,15700696,45340766,370028
15700696,883,15813163,44428108,370037
15813163,1516,15653857,45333927,370056
15653857,872,15777076,45328545,370091
15777076,-988,15717398,45309039,370114
15717398,902,15799217,45297941,370202
15799217,1007,15787071,45295923,370215
15787071,0,15619955,45295186,370234
15619955,174,15796505,45295090,380002
15796505,12186,15725166,45196358,380004
15725166,524,15800116,45175065,380007
15800116,0,15758685,45175024,380014
15758685,4,15694456,45174921,380018
15694456,11219,15767339,45161364,380020
15767339,0,15683562,45116925,380047
15683562,5776,15782210,45090373,380051
15782210,37,15668893,45086946,380075
15668893,593,15669169,45086030,380089
15669169,1148,15643024,45004309,380090
15643024,3561,15699389,45003822,380102
15699389,63,15708608,45002783,390001
15708608,260,15626144,44846634,390006
15626144,2269,15573112,44844263,390009
15573112,1060,15790678,44809439,390013
15790678,-220,15727556,44483524,390031
15727556,49,15697307,44483525,390044
15697307,69,15652266,44425818,390045
15652266,4108,15607098,44204202,390046
15607098,480,15655774,44176504,390049
15655774,4994,15590241,44088124,390050
15590241,0,15785819,44046739,390057
15785819,3681,15723654,43477356,390058
15723654,-701,15774510,43458250,390063
15774510,451,15684173,44427490,390073
15684173,-311,15650068,43143189,390086
15650068,593,15811490,42707376,390100
15811490,759,15803976,42549629,390108
15803976,4531,15682541,45837663,390110
15682541,1840,15695699,45638183,390111
15695699,345,15624188,45268666,390133
15624188,1287,15812191,45025738,390137
15812191,353,15636673,45243120,390139
15636673,205,15594898,45889477,390145
15594898,687,15660211,45852482,390151
15660211,1147,15773972,46037743,390153
15773972,4286,15746726,46004496,390162
15746726,605,15712287,46004335,390164
15712287,8545,15702919,45922830,390168
15702919,559,15674398,45153374,390174
15674398,2,15797960,45419523,390179
15797960,2,15631868,44184912,390180
15631868,760,15581539,45740450,390195
15581539,1317,15662736,45182215,390197
15662736,182,15666252,24067313,390201
15666252,276,15677512,24067288,390223
15677512,2971,15626114,46015189,390225
15626114,1064,15810834,45901219,390226
15810834,1783,15678910,44906501,390231
15678910,-67,15694408,44906474,390237
15694408,179,15585215,44906301,390256
15585215,1199,15682757,42857230,390258
15682757,214,15736601,42613510,390265
15736601,6699,15601848,41469511,390268
15601848,1760,15736008,41469289,390270
15736008,145,15669064,41378268,410007
15669064,978,15624528,41378143,410009
15624528,1150,15598493,44772706,410012
15598493,121,15601274,45276595,420002
15601274,828,15702669,45964523,420004
15702669,244,15728669,44425094,420007
15728669,228,15742668,45964157,420018
15742668,424,15697441,44425017,420023
15697441,447,15740476,45958381,420026
15740476,-195,15648064,44424940,420027
15648064,1410,15636624,45958355,420049
15636624,1084,15807923,44424863,420051
15807923,10924,15745844,45958304,420067
15745844,832,15786170,44424785,420071
15786170,478,15681081,45958103,420073
15681081,0,15684484,44424708,420078
15684484,3950,15785869,45844990,420079
15785869,504,15763859,44424631,420082
15763859,219,15658935,45745151,420085
15658935,1602,15747358,44424554,420087
15747358,2587,15735203,45643803,420091
15735203,0,15576256,44424399,420098
15576256,2303,15659420,45589114,430012
15659420,1660,15593365,44424476,430027
15593365,32,15777352,45546931,430077
15777352,278,15812007,44424322,430095
15812007,4,15625461,45230596,440002
15625461,318,15739438,44424244,450661
15739438,209,15611759,44663527,440006
15611759,271,15661629,44424167,440011
15661629,3196,15633950,44649688,440012
15633950,4099,15592386,44424090,440015
15592386,2572,15803716,44649686,440017
15803716,339,15696674,44424013,440029
15696674,0,15706365,45804658,440030
15706365,395,15745088,46035693,440034
15745088,2039,15676715,44423935,440035
15676715,5450,15613085,45916456,440039
15613085,780,15633537,45916450,440048
15633537,0,15594720,45916444,440049
15594720,8436,15684042,45916438,440053
15684042,11262,15583303,45916436,440059
15583303,946,15611579,45916426,440063
15611579,497,15774696,45916417,440073
15774696,55,15694506,45916383,440082
15694506,-140,15688074,45916344,440091
15688074,-379,15759537,46006404,440104
15759537,-396,15758449,46006396,440120
15758449,0,15583456,46006394,440125
15583456,733,15667871,46006395,440133
15667871,393,15677371,46006387,440137
15677371,7290,15629677,45903782,440144
15629677,468,15713578,45903783,440150
15713578,0,15591509,45903781,440156
15591509,3705,15568240,45903780,440161
15568240,9676,15622993,45903719,440173
15622993,1328,15689294,45486819,440185
15689294,8,15720910,44249550,440189
15720910,61,15721181,46041295,440193
15721181,6613,15776433,44430266,450007
15776433,302,15748936,45600408,450010
15748936,1005,15717225,44423858,450011
15717225,109,15685226,45923603,450023
15685226,1240,15785611,45923600,450029
15785611,0,15573456,45984667,450033
15573456,2923,15684548,45984665,450034
15684548,0,15620505,45984632,450037
15620505,43,15807432,45904804,450040
15807432,288,15584766,45904795,450042
15584766,613,15612187,44753004,450046
15612187,6101,15762218,44752594,450051
15762218,168,15646372,44752616,450054
15646372,7685,15690452,44752359,450056
15690452,4515,15747795,44752203,450058
15747795,517,15781589,44752255,450064
15781589,148,15732674,45784537,450068
15732674,-285,15642291,45784531,450079
15642291,887,15692761,41850752,450083
15692761,3098,15578045,45502015,450087
15578045,744,15745354,44486018,450102
15745354,130,15701376,44182772,450132
15701376,438,15691625,45773500,450133
15691625,0,15566594,45745645,450135
15566594,322,15760431,45745640,450137
15760431,186,15686302,45760416,450184
15686302,3810,15801559,45759786,450193
15801559,0,15810432,45560047,450196
15810432,4380,15809616,37003305,450200
15809616,755,15720559,44423781,450209
15720559,2070,15695632,45969705,450211
15695632,999,15659843,45925079,450222
15659843,167,15615624,45925082,450229
15615624,1322,15810418,45925080,450231
15810418,1076,15716186,45830496,450236
15716186,502,15674551,45811646,450237
15674551,1216,15622834,44789736,450271
15622834,876,15566111,44695810,450280
15566111,342,15784597,43623076,450324
15784597,950,15652883,46038666,450346
15652883,973,15806964,46036043,450358
15806964,3825,15576313,45737861,450388
15576313,2366,15806467,45735824,450431
15806467,542,15597602,45735531,450447
15597602,995,15743040,45735142,450462
15743040,20,15705521,45511825,450469
15705521,228,15595039,44087454,450484
15595039,130,15799384,45705736,450558
15799384,217,15581197,44949453,450563
15581197,0,15693737,45952627,450565
15693737,259,15624623,45724780,450571
15624623,619,15783501,44520267,450604
15783501,644,15690134,43511476,450610
15690134,22,15782735,44963610,450617
15782735,4303,15611088,43384864,450634
15611088,239,15672145,45588395,450638
15672145,275,15732628,45560093,450647
15732628,1221,15787470,45797403,450668
15787470,816,15803406,45922985,450672
15803406,1222,15730460,45920603,450684
15730460,2363,15644572,45895269,450686
15644572,2262,15694860,45895117,450702
15694860,2,15658169,45895066,450713
15658169,2,15794396,45895044,450742
15794396,4508,15785798,45785404,450775
15785798,-402,15710825,45811639,450788
15710825,1577,15668444,44423704,450801
15668444,34,15726631,46029124,450820
15726631,795,15733797,45908253,450832
15733797,117,15747960,45908161,450851
15747960,5462,15634632,45908093,450855
15634632,402,15707362,45907998,450862
15707362,641,15662976,45907992,450869
15662976,36,15732778,45907975,450876
15732778,383,15718443,45907823,460001
15718443,283,15670039,45907805,460004
15670039,0,15773792,45907698,460005
15773792,3102,15613786,44423626,460010
15613786,889,15726032,44423549,460021
15726032,0,15663252,45717690,460047
15663252,-370,15593782,45716256,470003
15593782,-606,15633283,45509669,490004
15633283,10378,15749167,45138096,490005
15749167,1313,15759298,44013163,490007
15759298,8969,15683625,41405485,490009
15683625,-196,15635367,38278533,490011
15635367,15,15681705,44423317,490017
15681705,4608,15603156,37640726,490021
15603156,666,15591986,44423240,490022
15591986,452,15798888,44590806,490024
15798888,149,15809722,45269403,490040
15809722,7802,15677538,44423163,490042
15677538,1453,15797736,45979761,490044
15797736,1480,15695585,45965460,490045
15695585,715,15744398,45965457,490048
15744398,237,15750658,45965452,490050
15750658,694,15578186,45965450,490052
15578186,0,15676519,45889172,490057
15676519,55,15637954,45424879,490063
15637954,136,15758639,45424963,490066
15758639,-404,15613772,45300558,490069
15613772,779,15731744,42977919,490075
15731744,1187,15807709,41765814,490077
15807709,641,15714689,44698509,490093
15714689,826,15699005,44423008,490101
15699005,991,15624170,45383974,490107
15624170,1796,15725679,45938685,490112
15725679,22,15585865,38419337,490118
15585865,244,15804256,44378528,490120
15804256,1328,15662403,44422776,500005
15662403,7317,15733616,44422236,500012
15733616,4943,15591995,45885539,500014
15591995,258,15677020,45534546,500016
15677020,515,15727688,45534532,500024
15727688,12607,15715941,45534516,500025
15715941,2,15714485,46038557,500027
15714485,13,15730059,45977229,500030
15730059,103,15715527,44421849,500036
15715527,3872,15576623,44421617,500039
15576623,296,15805565,44421386,500044
15805565,217,15677307,44718958,500050
15677307,360,15773890,45991032,500051
15773890,428,15598883,44421154,500054
15598883,315,15568506,44420922,500058
15568506,121,15761043,45964450,500077
15761043,820,15782236,45964416,500088
15782236,195,15593601,45964408,500124
15593601,108,15682048,45964216,500129
15682048,-381,15746902,44420304,500139
15746902,757,15752081,44420149,500141
15752081,691,15781307,44420072,510006
15781307,1925,15775912,45926575,510007
15775912,902,15745417,45926568,510022
15745417,5207,15671256,45926561,510024
15671256,0,15653547,45881113,510029
15653547,665,15595766,45880493,510050
15595766,738,15742358,44419763,510058
15742358,233,15763274,44419531,510070
15763274,-839,15786063,45877931,520004
15786063,5799,15600258,45877178,520008
15600258,1033,15573318,45860148,10001
15573318,66,15653849,45860138,10005
15653849,2567,15694272,45860053,10006
15694272,1584,15736112,45859953,10011
15736112,182,15749851,45773068,10016
15749851,76,15663478,45773051,10023
15663478,663,15592300,45772994,10029
15592300,3455,15567832,45772977,10033
15567832,15,15776780,45772956,10039
15776780,1054,15592846,45772940,10040
15592846,1529,15739803,45758639,10046
15739803,63,15794142,45670129,10055
15794142,0,15762729,45501584,10056
15762729,920,15667896,45501566,10078
15667896,3696,15626578,45501542,10083
15626578,59,15776223,45263815,10085
15776223,0,15705953,45249846,10090
15705953,157,15802593,44853480,10092
15802593,2465,15615457,44419454,10100
15615457,0,15708916,44119605,10103
15708916,2,15720187,44537647,10104
15720187,0,15595440,45786737,10113
15595440,12437,15600651,42680468,10139
15600651,378,15750141,36881961,20017
15750141,211,15657284,44419068,30002
15657284,-228,15763063,45321386,30006
15763063,2747,15709324,44418681,30007
15709324,1932,15711309,45812570,30010
15711309,11269,15775318,12134429,30011
15775318,1314,15705515,45930690,30012
15705515,2275,15634844,44418295,30013
15634844,1304,15717046,43089521,30023
15717046,720,15571816,44417986,30024
15571816,2914,15670080,45849057,30030
15670080,1464,15800440,44664046,30038
15800440,11555,15665678,45905681,30061
15665678,-302,15665956,45905659,30062
15665956,2497,15788126,45905644,30065
15788126,-339,15811773,45880818,30069
15811773,56,15651674,39296429,30087
15651674,211,15689614,45249932,30089
15689614,3611,15795564,42123387,30092
15795564,0,15706647,45944104,30093
15706647,459,15728505,45149957,30094
15728505,242,15730076,45319754,30100
15730076,1138,15622003,44828661,30101
15622003,1319,15607312,44417522,30103
15607312,1,15644753,45189081,30105
15644753,67,15653620,44756414,40004
15653620,937,15761986,44743416,40007
15761986,0,15633922,44416981,40010
15633922,-558,15734674,44416750,40020
15734674,171,15658032,44416595,40022
15658032,696,15692671,45132907,40026
15692671,361,15737741,42289296,40027
15737741,227,15576352,44752789,40029
15576352,236,15753719,44752619,40036
15753719,-53,15803689,44752544,40062
15803689,192,15718057,44752398,40071
15718057,38,15722010,44971429,40078
15722010,518,15680998,44416518,40114
15680998,16,15614782,42672307,40118
15614782,-256,15591047,44307723,40119
15591047,105,15788291,45752912,40134
15788291,334,15604044,45288191,50006
15604044,1048,15679587,41954274,50007
15679587,108,15775153,44669651,50013
15775153,660,15603925,45954389,50017
15603925,0,15680970,46005846,50026
15680970,1034,15697183,45820255,50036
15697183,201,15567446,46039523,50039
15567446,189,15637476,46039522,50056
15637476,-49,15714939,46039516,50057
15714939,1413,15683503,46028357,50058
15683503,264,15645569,46028313,50069
15645569,54,15782569,46028289,50077
15782569,12519,15592387,46026615,50082
15592387,2881,15609286,44416209,50084
15609286,0,15814035,46006860,50093
15814035,88,15661249,46005057,50107
15661249,1020,15629117,45981209,50108
15629117,119,15607170,44416131,50115
15607170,1594,15586585,45978371,50128
15586585,342,15686611,44415900,50133
15686611,72,15603203,45978369,50168
15603203,14,15619857,44415745,50174
15619857,81,15805062,45978368,50179
15805062,231,15660271,45965792,50485
15660271,1161,15745295,45965674,50180
15745295,-45,15719352,45965673,50197
15719352,231,15766575,45965584,50222
15766575,36,15594594,45965467,50224
15594594,1570,15646161,45965466,50225
15646161,7050,15682585,44415591,50232
15682585,3704,15603134,45960132,50235
15603134,6619,15636444,45947230,50238
15636444,-84,15773456,45947212,50243
15773456,1509,15745307,45947207,50262
15745307,1134,15604119,45947193,50280
15604119,146,15626900,45947189,50290
15626900,9449,15605447,45947181,50291
15605447,374,15589030,45911676,50295
15589030,88,15692463,45911675,50308
15692463,2764,15712403,45911674,50309
15712403,2,15811762,44415436,50334
15811762,8023,15718673,44415282,50351
15718673,289,15724282,45908415,50360
15724282,0,15738181,45903656,50380
15738181,1382,15633648,45897176,50382
15633648,280,15603323,45897122,50390
15603323,2195,15583725,45897121,50394
15583725,33,15588350,45860637,50396
15588350,275,15798398,45846032,50424
15798398,703,15784844,45838841,50438
15784844,887,15580684,45802287,50441
15580684,0,15809663,44415050,50464
15809663,1178,15640078,45755638,50481
15640078,2763,15698786,45740997,50496
15698786,890,15569807,45726682,50516
15569807,548,15730830,45726574,50549
15730830,272,15805112,44414818,50551
15805112,6269,15633064,45726575,50557
15633064,178,15703119,44414509,50573
15703119,252,15730447,45719181,50599
15730447,23663,15813850,45652615,50603
15813850,81,15711889,45652121,50625
15711889,59,15664610,45651954,50701
15664610,1343,15751710,45651942,50732
15751710,225,15692926,45630519,50757
15692926,0,15813741,44414200,50761
15813741,2538,15698474,45607766,50764
15698474,43,15568595,45607765,60001
15568595,57,15603065,44413968,60013
15603065,-117,15592937,44413891,60014
15592937,666,15699637,45568932,60020
15699637,0,15667215,45567162,60022
15667215,25,15788659,45554998,60023
15788659,1034,15763218,45539107,60031
15763218,324,15645772,45539105,60064
15645772,0,15725511,45514342,60100
15725511,0,15575024,45491493,60119
15575024,621,15640825,44413582,70001
15640825,138,15662397,45469436,70002
15662397,4063,15576368,45466492,70010
15576368,11084,15674991,44413273,70012
15674991,310,15721024,45410026,70016
15721024,73,15745621,45315486,70017
15745621,1808,15642394,44412809,70018
15642394,1281,15754605,45274090,70020
15754605,64,15607040,45274089,70022
15607040,2,15715142,45274085,70024
15715142,60,15810978,45266631,70025
15810978,133,15668886,45206821,70028
15668886,3706,15780804,45206823,70033
15780804,174,15613880,45206822,70034
15613880,251,15775238,45206824,70035
15775238,4153,15786905,45171983,80001
15786905,985,15747867,45171984,80004
15747867,168,15600337,45150163,80007
15600337,1550,15801277,45142723,90001
15801277,7708,15579334,45142717,90004
15579334,-12,15802741,45142719,90011
15802741,6483,15720649,45142718,100002
15720649,60,15589493,45142716,100006
15589493,3339,15688251,45142721,100007
15688251,1161,15665238,45121424,100012
15665238,599,15740900,45086325,100017
15740900,28,15681068,45086319,100018
15681068,1430,15748625,44994123,100019
15748625,35,15727299,44412500,100023
15727299,6000,15620204,44412268,100025
15620204,0,15669516,44412191,100026
15669516,340,15736534,44967275,100028
15736534,0,15803457,44871452,100034
15803457,3,15659098,44859931,100035
15659098,445,15603436,44411882,100038
15603436,874,15566292,44688750,100040
15566292,705,15808621,44548885,100044
15808621,1033,15580148,44524426,100046
15580148,1354,15776231,44411650,100047
15776231,123,15773809,43829075,100049
15773809,8894,15649423,44411495,100052
15649423,429,15734886,43679504,100057
15734886,14752,15722548,44411418,100062
15722548,67,15650288,42835971,100067
15650288,39,15629448,44411341,100068
15629448,102,15716164,42525486,100070
15716164,1790,15807609,44411264,100071
15807609,15311,15578977,42445043,100072
15578977,-635,15677369,42070399,100073
15677369,115,15804072,44411186,100075
15804072,10786,15696859,41144335,100077
15696859,498,15653780,40950140,100084
15653780,1045,15721658,40883967,100087
15721658,810,15578761,44411109,100088
15578761,-162,15736879,40103682,100090
15736879,55,15571973,44410877,100092
15571973,586,15626742,38664932,100093
15626742,455,15672692,44410723,100099
15672692,1010,15673570,38495992,100105
15673570,509,15767432,31945123,100109
15767432,2929,15654238,44521882,100110
15654238,3071,15612525,44629981,100113
15612525,153,15812750,45264054,100118
15812750,1146,15790757,45263656,100127
15790757,1092,15723873,46038156,100128
15723873,3463,15744607,45972195,100131
15744607,1158,15612966,45972166,100135
15612966,26,15784209,44410491,100151
15784209,566,15794278,44410414,100154
15794278,204,15766741,44410336,100157
15766741,480,15661036,45230413,100161
15661036,1855,15705639,45192185,100166
15705639,1034,15637414,45183644,100168
15637414,3250,15716835,44510615,100173
15716835,1633,15696231,43927189,100176
15696231,0,15641675,45972205,100179
15641675,3334,15670755,45972178,100191
15670755,4020,15640059,44148011,100204
15640059,66,15787619,45813914,100211
15787619,-41,15587535,44410182,100212
15587535,322,15813034,45721029,100213
15813034,2643,15698839,28248823,100217
15698839,49,15790314,45208478,100220
15790314,1,15634245,45076634,100223
15634245,3098,15677305,45038878,100226
15677305,352,15661526,42924971,100231
15661526,65,15685997,43929882,100232
15685997,1949,15660101,45909158,100236
15660101,739,15637979,45744690,100238
15637979,1167,15815364,45530268,100242
15815364,231,15647099,45971987,100243
15647099,1136,15625944,45743942,100244
15625944,233,15583212,44978259,100246
15583212,817,15582741,46040676,100248
15582741,1128,15637876,46035947,100253
15637876,1831,15622750,46033620,100256
15622750,450,15672056,46018726,100258
15672056,0,15812351,46005058,100260
15812351,414,15810864,45986243,100264
15810864,1052,15677921,45973281,100265
15677921,1022,15724296,45968081,100286
15724296,343,15685329,45932708,100290
15685329,1944,15584091,45919332,110003
15584091,-32,15640442,45916648,110007
15640442,1781,15639314,45912557,110010
15639314,350,15685320,45902812,110011
15685320,2,15789158,45873065,110016
15789158,111,15752137,45851112,110028
15752137,168,15712551,45849584,110029
15712551,3,15628936,45776637,110030
15628936,102,15797227,45775063,110031
15797227,0,15769974,45496671,110035
15769974,159,15737051,45451188,110036
15737051,1134,15585595,45419426,110038
15585595,352,15654060,45317449,110043
15654060,865,15745196,45235337,110054
15745196,179,15571221,45181074,110074
15571221,5,15660155,45113560,110076
15660155,-230,15605284,45093043,110082
15605284,0,15694366,44987417,110083
15694366,3924,15600739,44363909,110087
15600739,764,15653253,43371653,110107
15653253,511,15763431,42565493,110122
15763431,4348,15643696,42565494,110125
15643696,3016,15707473,42565491,110129
15707473,279,15769504,41484330,110143
15769504,1405,15776807,44410105,110164
15776807,908,15686870,45979583,110168
15686870,162,15668747,20905974,110177
15668747,792,15766908,45987543,110191
15766908,111,15570134,45834929,110215
15570134,1281,15567367,45728954,120001
15567367,1012,15747542,45725620,130002
15747542,2881,15762238,45371719,130006
15762238,445,15681554,44482284,130007
15681554,643,15712825,43950008,130018
15712825,254,15640280,45947843,130028
15640280,-1212,15756026,42775714,130049
15756026,2125,15613319,45983005,140007
15613319,629,15798906,44629711,140008
15798906,-202,15708917,45531249,140010
15708917,271,15778463,45946496,140013
15778463,703,15699430,45672267,140015
15699430,-216,15649992,44409873,140029
15649992,88,15578980,44409796,140030
15578980,16,15775306,45404474,140040
15775306,466,15641655,46004187,140043
15641655,-75,15619708,45839935,140046
15619708,456,15734565,45783389,140053
15734565,77,15806438,45632203,140054
15806438,-244,15591969,45597735,140062
15591969,1209,15747807,45597733,140065
15747807,58,15596939,45565162,140067
15596939,421,15716155,45481328,140080
15716155,112,15765311,45479494,140091
15765311,13669,15757811,44989855,140113
15757811,1429,15603830,44869214,140114
15603830,794,15660602,44827365,140116
15660602,1957,15660535,44812621,140117
15660535,454,15666633,44476321,140119
15666633,882,15596914,35557303,140127
15596914,168,15639788,46017432,140135
15639788,714,15695846,46017439,140148
15695846,0,15726234,46017425,140162
15726234,1996,15797964,45875587,140164
15797964,163,15625881,45247674,140166
15625881,3190,15780628,44734282,140172
15780628,1772,15575883,45562020,140176
15575883,-151,15585036,45907353,140184
15585036,16,15589488,45675487,140185
15589488,7066,15585888,44409409,140186
15585888,454,15727915,45463453,140187
15727915,4798,15707567,44967336,140189
15707567,-298,15737792,44759438,140191
15737792,439,15599433,44759434,140200
15599433,1927,15672012,44759410,140202
15672012,671,15806983,44409255,140208
15806983,65,15592222,44409177,140209
15592222,-932,15608968,44759406,140211
15608968,4366,15586959,44759435,140223
15586959,0,15646558,44759409,140228
15646558,4900,15725811,44409023,140231
15725811,976,15572265,44408946,140233
15572265,148,15794048,44759416,140239
15794048,5,15677610,44485498,140252
15677610,-148,15745012,44408791,140258
15745012,113,15601589,46014084,140280
15601589,-105,15686436,44408714,140281
15686436,624,15693864,46014085,140288
15693864,-1680,15760550,44408482,140291
15760550,-461,15686137,46014033,150002
15686137,144,15809087,44408328,150009
15809087,4,15807663,46010646,150012
15807663,309,15809100,45881792,150015
15809100,866,15794916,45881712,150017
15794916,1020,15614215,45846786,150018
15614215,489,15805449,45554219,150021
15805449,8167,15686983,45362806,150023
15686983,-255,15808017,45039842,150026
15808017,3671,15756804,44960882,150034
15756804,636,15646810,44908539,150035
15646810,141,15710424,44908509,150042
15710424,150,15799422,44442743,150044
15799422,839,15692750,44377093,150046
15692750,26965,15794549,44215125,150048
15794549,716,15803764,43900233,150051
15803764,2485,15674840,41706705,150056
15674840,15030,15653762,39200207,150058
15653762,11303,15581229,38936831,150059
15581229,595,15800228,38343723,150082
15800228,19358,15656333,38343725,150084
15656333,203,15697497,44519341,150088
15697497,183,15585362,44407864,150089
15585362,255,15571928,44407941,150090
15571928,102,15785519,44407787,150100
15785519,94,15743007,44407709,150109
15743007,58,15777211,45963904,150112
15777211,606,15721935,43735554,150115
15721935,0,15591711,45642587,150125
15591711,65,15625021,22511825,150126
15625021,338,15702968,21938817,150128
15702968,757,15600462,44407323,150153
15600462,9269,15768104,44407555,150154
15768104,1206,15780140,45961145,150162
15780140,882,15585255,45946630,150164
15585255,5291,15772781,45946566,150173
15772781,61,15669987,45946386,150175
15669987,0,15697000,45946366,160016
15697000,1407,15733119,45946330,160033
15733119,25,15782390,45946324,160045
15782390,1354,15654700,45946292,160047
15654700,793,15632210,45923186,160057
15632210,10287,15642041,45258299,160058
15642041,5235,15709737,45258295,160064
15709737,3,15792388,45258291,160069
15792388,409,15786014,45258288,160079
15786014,35,15794580,43940810,160080
15794580,-459,15675964,35706095,160082
15675964,198,15814275,35438435,160083
15814275,99,15724848,46036925,160110
15724848,60,15754713,45981602,160153
15754713,3485,15693814,45866516,170012
15693814,-139,15599660,45894691,170013
15599660,952,15746490,44406937,170016
15746490,1427,15566091,44392693,170020
15566091,1017,15655961,39264543,170040
15655961,-29,15710404,45011582,170049
15710404,9,15775625,44752726,170086
15775625,4040,15792328,44406241,170104
15792328,13,15719856,44405623,170122
15719856,1259,15593773,45983777,170123
15593773,18,15733114,45863122,170142
15733114,-76,15797748,45563892,170182
15797748,221,15743411,44482621,170186
15743411,136,15753337,43970972,170192
15753337,16353,15601026,42974623,170195
15601026,-63,15658485,44405082,170197
15658485,7353,15636731,44404850,180009
15636731,511,15628303,42087443,180010
15628303,3913,15633461,45971387,180012
15633461,1097,15677135,44662491,180013
15677135,6102,15590876,42679887,180027
15590876,340,15790782,45960926,180035
15790782,-119,15700476,45960901,180038
15700476,2993,15634141,45960816,180040
15634141,3575,15737795,44404387,180044
15737795,361,15790299,46006040,180048
15790299,1072,15675316,45979521,180051
15675316,2904,15613630,45872052,180067
15613630,1790,15662100,45844372,180088
15662100,86,15668032,45844318,180102
15668032,1633,15599289,45831501,180103
15599289,8312,15754084,45805155,180104
15754084,172,15676521,45739600,180130
15676521,0,15804586,45686465,180132
15804586,222,15781465,45657252,190002
15781465,109,15729362,45153653,190004
15729362,1451,15709295,44556789,190008
15709295,1066,15745324,46039420,190015
15745324,3163,15741336,45980935,190019
15741336,888,15783659,46011582,190026
15783659,428,15620981,46010574,190027
15620981,106,15630328,45968186,190036
15630328,0,15785899,43284268,190039
15785899,979,15606149,45889372,190040
15606149,2662,15671139,46033430,190041
15671139,84,15660429,46022028,190045
15660429,5920,15571002,45966071,190046
15571002,816,15631681,45965776,190060
15631681,3276,15731522,44836006,190064
15731522,2,15619529,43175830,190065
15619529,-51,15628034,43082511,190102
15628034,3315,15686164,40030410,190111
15686164,196,15582797,45768812,190125
15582797,552,15753831,44877201,190146
15753831,2347,15731815,45664840,190160
15731815,3723,15580956,45971272,190177
15580956,255,15602084,45971249,190205
15602084,3143,15589805,45928986,190250
15589805,0,15720893,45927764,190263
15720893,6411,15641009,45892828,200009
15641009,1909,15605926,45892707,200024
15605926,3873,15805955,45881394,200033
15805955,1013,15801488,45881350,210001
15801488,262,15605918,45881324,210004
15605918,3217,15779711,45827827,210005
15779711,5436,15705620,45827718,210007
15705620,2067,15685357,45506975,210008
15685357,215,15570060,45501200,210009
15570060,1594,15582616,45249300,210011
15582616,134,15799515,45244237,210015
15799515,262,15642937,45182945,210019
15642937,3021,15624729,44968255,210022
15624729,388,15566156,44837270,210023
15566156,3412,15792360,44790314,210027
15792360,1291,15807008,44742449,210029
15807008,79,15704770,44545963,210032
15704770,2013,15756475,44239167,210033
15756475,543,15655339,44986591,210043
15655339,1016,15613749,39878339,210044
15613749,604,15664521,45507943,210048
15664521,525,15681206,46028689,210049
15681206,353,15745527,46028685,210056
15745527,964,15806926,45576234,210057
15806926,3913,15724563,45414550,220001
15724563,879,15782899,45347510,220008
15782899,314,15623521,43190836,220012
15623521,0,15810218,45954992,220033
15810218,1370,15645621,45954990,220035
15645621,37,15608114,45954991,220046
15608114,673,15659557,45954989,220060
15659557,-342,15787772,45954993,220063
15787772,291,15685805,45954994,220071
15685805,3616,15627971,45954988,10001
15627971,14093,15783025,45904452,10005
15783025,1567,15726289,45816508,10006
15726289,5426,15802118,45816512,10011
15802118,261,15607990,45816517,10016
15607990,2843,15695932,45816520,10023
15695932,406,15812279,45816524,10029
15812279,0,15687558,45816525,10033
15687558,493,15729065,45816532,10039
15729065,5996,15698902,45816534,10040
15698902,3777,15570192,45816510,10046
15570192,524,15809265,45816519,10055
15809265,574,15745201,45526178,10056
15745201,427,15580623,37848260,10078
15580623,483,15578156,37253070,10083
15578156,3391,15631063,46008974,10085
15631063,0,15692577,46008924,10090
15692577,2488,15810910,45872981,10092
15810910,1517,15723217,45872553,10100
15723217,217,15733111,45803471,10103
15733111,22,15610727,45793770,10104
15610727,331,15792720,45793753,10113
15792720,505,15723153,45769518,10139
15723153,1808,15802823,45769499,20017
15802823,4111,15756118,45769481,30002
15756118,52,15684934,45769472,30006
15684934,25,15776936,45769448,30007
15776936,1890,15729087,45769441,30010
15729087,419,15786463,45769426,30011
15786463,2693,15717498,45769394,30012
15717498,-231,15718406,45769241,30013
15718406,-55,15799468,45763071,30023
15799468,462,15626383,45763061,30024
15626383,119,15597385,45762860,30030
15597385,586,15570271,45759483,30038
15570271,228,15690330,45759445,30061
15690330,4659,15680611,45758823,30062
15680611,168,15810227,45758818,30065
15810227,0,15807194,45758811,30069
15807194,-715,15712199,45758759,30087
15712199,0,15694995,45167134,30089
15694995,769,15723400,44763653,30092
15723400,0,15654772,38528319,30093
15654772,428,15574743,44531588,30094
15574743,0,15807593,44403769,30100
15807593,-970,15686718,45386682,30101
15686718,6313,15695299,45386680,30103
15695299,948,15722701,44766128,30105
15722701,0,15799635,44404001,40004
15799635,1877,15742323,44953336,40007
15742323,874,15658435,41179812,40010
15658435,323,15586029,40036107,40020
15586029,106,15772337,45508792,40022
15772337,1906,15807555,44581452,40026
15807555,1152,15603378,44410375,40027
15603378,179,15792862,45694677,40029
15792862,391,15657349,44910967,40036
15657349,89,15777614,45233678,40062
15777614,442,15653952,45893442,40071
15653952,-249,15724336,39991146,40078
15724336,8104,15689594,44886113,40114
15689594,501,15801920,45860677,40118
15801920,308,15653347,44403382,40119
15653347,602,15749951,45974171,40134
15749951,273,15648178,46037119,50006
15648178,50,15738662,45991566,50007
15738662,1641,15640855,45987532,50013
15640855,20,15584288,45237602,50017
15584288,4590,15760988,38705887,50026
15760988,-256,15569624,44148363,50036
15569624,978,15597949,43624867,50039
15597949,80,15604551,43529318,50056
15604551,2104,15617476,42308856,50057
15617476,499,15645323,41357644,50058
15645323,1269,15793311,36887156,50069
15793311,310,15764153,36310469,50077
15764153,1143,15802560,35011554,50082
15802560,2980,15728608,43084058,50084
15728608,37,15770474,40869165,50093
15770474,462,15724444,32130377,50107
15724444,1031,15753110,44402764,50108
15753110,9009,15711521,45851842,50115
15711521,-465,15632816,44715789,50128
15632816,5181,15693637,38419326,50133
15693637,176,15725509,45906416,50168
15725509,1699,15684645,44260705,50174
15684645,0,15692235,45976829,50179
15692235,172,15777459,45903262,50485
15777459,0,15656937,45903242,50180
15656937,6979,15610643,45836319,50197
15610643,6,15777315,45757394,50222
15777315,-62,15611058,45721533,50224
15611058,1972,15630413,45721490,50225
15630413,899,15635942,45599055,50232
15635942,21,15648858,45597676,50235
15648858,23,15810732,45340712,50238
15810732,-1206,15705448,45672302,50243
15705448,0,15730488,44402069,50262
15730488,215,15620443,38281402,50280
15620443,1372,15741078,46007929,50290
15741078,1981,15753161,46007790,50291
15753161,9216,15711396,44401064,50295
15711396,39,15593499,43752911,50308
15593499,5563,15579189,45919924,50309
15579189,1,15743545,45903674,50334
15743545,782,15791316,45524238,50351
15791316,3771,15608246,45408933,50360
15608246,992,15676526,45188051,50380
15676526,1526,15813911,45017651,50382
15813911,2658,15630195,44659739,50390
15630195,1315,15736250,44289536,50394
15736250,455,15671334,42628397,50396
15671334,0,15574169,42117845,50424
15574169,2030,15718839,41298157,50438
15718839,1599,15762331,40492179,50441
15762331,-196,15606901,44928173,50464
15606901,1333,15713559,43222402,50481
15713559,9149,15768881,43222347,50496
15768881,-350,15743075,43222335,50516
15743075,432,15660980,43222089,50549
15660980,11494,15810942,43221791,50551
15810942,-253,15728362,43079698,50557
15728362,372,15683339,39494655,50573
15683339,1410,15685476,36206981,50599
15685476,975,15663650,45947826,50603
15663650,305,15617434,44399055,50625
15617434,400,15622470,45911672,50701
15622470,-22,15703682,45170409,50732
15703682,4030,15727391,45258976,50757
15727391,365,15711062,46039318,50761
15711062,204,15567339,46023498,50764
15567339,1691,15760662,46007640,60001
15760662,406,15605737,45985135,60013
15605737,-204,15692977,45985124,60014
15692977,359,15672082,45985140,60020
15672082,123,15600280,45989435,60022
15600280,0,15804052,45982948,60023
15804052,142,15576065,45982772,60031
15576065,3571,15796838,44398901,60064
15796838,33,15693526,45747326,60100
15693526,0,15748595,45676584,60119
15748595,3096,15679029,44702768,70001
15679029,20,15753639,44411666,70002
15753639,3576,15604138,42883725,70010
15604138,206,15666095,27545174,70012
15666095,7082,15643487,44127795,70016
15643487,1634,15764033,45563816,70017
15764033,1,15747288,33842633,70018
15747288,4012,15790599,44752846,70020
15790599,3762,15737705,44752788,70022
15737705,-247,15737194,44752633,70024
15737194,606,15726776,45990171,70025
15726776,0,15804357,45990156,70028
15804357,-189,15664432,45879707,70033
15664432,0,15688984,45843205,70034
15688984,484,15583026,45843170,70035
15583026,0,15771668,45781394,80001
15771668,395,15779904,45424944,80004
15779904,2349,15784323,45424916,80007
15784323,410,15756277,45424825,90001
15756277,3401,15663312,44872945,90004
15663312,222,15793197,44383039,90011
15793197,989,15731463,43839443,100002
15731463,415,15621768,42689948,100006
15621768,16,15691323,45879368,100007
15691323,7190,15781326,44398669,100012
15781326,482,15595640,45975988,100017
15595640,209,15814331,45932718,100018
15814331,0,15602030,45570061,100019
15602030,5803,15747974,45341145,100023
15747974,624,15611315,45095299,100025
15611315,883,15636977,44392720,100026
15636977,1516,15690337,46005472,100028
15690337,872,15680666,44392642,100034
15680666,-988,15679551,45955884,100035
15679551,902,15778915,44392565,100038
15778915,1007,15568849,45949276,100040
15568849,0,15747762,45942361,100044
15747762,174,15753679,44392488,100046
15753679,12186,15750049,45717348,100047
15750049,524,15606097,44392411,100049
15606097,0,15802368,45566292,100052
15802368,4,15767488,45522300,100057
15767488,11219,15669946,45516259,100062
15669946,0,15612103,44392951,100067
15612103,5776,15645353,45496861,100068
15645353,37,15650018,44392874,100070
15650018,593,15659002,45414460,100071
15659002,1148,15616028,44392797,100072
15616028,3561,15660475,45414435,100073
15660475,63,15652615,45414342,100075
15652615,260,15653572,44393106,100077
15653572,2269,15628059,45406925,100084
15628059,1060,15703413,45355462,100087
15703413,-220,15610433,44393029,100088
15610433,49,15770548,45297448,100090
15770548,69,15645637,45010644,100092
15645637,4108,15590888,44393260,100093
15590888,480,15568326,44971558,100099
15568326,4994,15655368,44837398,100105
15655368,0,15665579,44393183,100109
15665579,3681,15676091,44562431,100110
15676091,-701,15716984,44108914,100113
15716984,451,15715078,44393801,100118
15715078,-311,15569452,44393647,100127
15569452,593,15628863,43564735,100128
15628863,759,15778192,44393724,100131
15778192,4531,15793723,43123849,100135
15793723,1840,15798943,44393492,100151
15798943,345,15764708,42941160,100154
15764708,1287,15791040,44393570,100157
15791040,353,15631512,41345597,100161
15631512,205,15640106,44393415,100166
15640106,687,15710315,39079791,100168
15710315,1147,15771535,44393338,100173
15771535,4286,15611947,36682399,100176
15611947,605,15670266,33008465,100179
15670266,8545,15609083,20080044,100191
15609083,559,15567923,45841588,100204
15567923,2,15788183,44715578,100211
15788183,2,15735782,44978073,100212
15735782,760,15774401,43741703,100213
15774401,1317,15737971,45976725,100217
15737971,182,15758750,45939086,100220
15758750,276,15611767,45939088,100223
15611767,2971,15643770,45622963,100226
15643770,1064,15744717,43283987,100231
15744717,1783,15570681,45663179,100232
15570681,-67,15792650,45906085,100236
15792650,179,15605531,44731266,100238
15605531,1199,15605339,45482487,100242
15605339,214,15672216,44034979,100243
15672216,6699,15812893,45955312,100244
15812893,1760,15624180,45952883,100246
15624180,145,15701364,45929246,100248
15701364,978,15762588,42705105,100253
15762588,1150,15806318,42579585,100256
15806318,121,15712596,45967118,100258
15712596,828,15600399,45843268,100260
15600399,244,15576216,45551282,100264
15576216,228,15620750,45450994,100265
15620750,424,15623489,45023538,100286
15623489,447,15667944,44962074,100290
15667944,-195,15584928,44962050,110003
15584928,1410,15779913,44940361,110007
15779913,1084,15644977,44940008,110010
15644977,10924,15749679,44939772,110011
15749679,832,15629010,44742654,110016
15629010,478,15768465,44581725,110028
15768465,0,15767781,44581645,110029
15767781,3950,15635364,44580266,110030
15635364,504,15722004,44537454,110031
15722004,219,15766044,44165726,110035
15671789,1602,15586680,44165549,110036
15726186,2587,15635388,43938033,110038
15764618,0,15655175,43937127,110043
15730738,2303,15639133,43930524,110054
15637650,1660,15799653,43759370,110074
15606267,32,15723872,43759167,110076
15625904,278,15775627,43347504,110082
15654463,4,15630704,42136672,110083
15774151,318,15815534,41067665,110087
15693259,209,15697249,41067677,110107
15642468,271,15681316,40615718,110122
15758531,3196,15682523,40504801,110125
15728352,4099,15650244,39736810,110129
15637240,2572,15648638,39533135,110143
15595588,339,15795747,38466747,110164
15778395,0,15607330,38466566,110168
15711825,395,15624013,38465947,110177
15599251,2039,15800805,38465563,110191
15570004,5450,15667321,38465370,110215
15656912,780,15601116,38458682,120001
15657342,0,15622033,38453559,130002
15716284,8436,15758451,38451445,130006
15672374,11262,15688689,38451251,130007
15732476,946,15652674,45678307,130018
15747724,497,15806327,44629476,130028
15633877,55,15649618,45676934,130049
15672516,-140,15677117,45676932,140007
15607827,-379,15751445,45818774,140008
15751336,-396,15749669,41780983,140010
15646539,0,15656351,46032372,140013
15756901,733,15667438,46032271,140015
15809286,393,15682273,45989360,140029
15759021,7290,15580912,45987910,140030
15725039,468,15785183,45987875,140040
15579130,0,15705383,45987866,140043
15754112,3705,15712903,45980056,140046
15735522,9676,15774285,45980054,140053
15613326,1328,15583138,45980050,140054
15739502,8,15740160,45980042,140062
15670914,61,15793425,45980026,140065
15604073,6613,15749265,45980020,140067
15806027,302,15623989,45979999,140080
15574886,1005,15604832,45979924,140091
15707120,109,15584580,45979734,140113
15800845,1240,15573854,45979662,140114
15603914,0,15614847,45979646,140116
15722765,2923,15679966,45917666,140117
15783305,0,15799435,45908473,140119
15574842,43,15752186,45908444,140127
15607837,288,15705544,45908361,140135
15714877,613,15713632,45905642,140148
15782941,6101,15586523,45871864,140162
15630167,168,15609176,45857736,140164
15759038,7685,15769308,45837851,140166
15661821,4515,15676810,45837850,140172
15728006,517,15634591,45837841,140176
15712176,148,15679804,45837843,140184
15689351,-285,15677764,45837839,140185
15782247,887,15571917,45837831,140186
15769064,3098,15574608,45837765,140187
15718153,744,15740868,45836658,140189
15613189,130,15702442,45797376,140191
15661734,438,15699797,45690799,140200
15592645,0,15648047,45690698,140202
15768387,322,15766826,45690695,140208
15792525,186,15591628,45632480,140209
15586976,3810,15583857,45632458,140211
15790659,0,15752534,45632395,140223
15691446,4380,15741403,45632385,140228
15772632,755,15783589,45632379,140231
15706587,2070,15598046,45632372,140233
15572461,999,15643330,45587653,140239
15654409,167,15680405,45568937,140252
15568025,1322,15728683,45568886,140258
15715769,1076,15621644,45490484,140280
15667458,502,15733032,45384804,140281
15567980,1216,15608381,45384794,140288
15679294,876,15658946,45384784,140291
15606507,342,15757912,45384763,150002
15578825,950,15645371,45384755,150009
15619935,973,15653110,45384747,150012
15636089,3825,15766355,45384711,150015
15727490,2366,15585249,45384707,150017
15591766,542,15611786,45384684,150018
15641629,995,15575486,45384673,150021
15813303,20,15780215,45384570,150023
15756920,228,15686099,45384539,150026
15726403,130,15739042,45237697,150034
15592765,217,15815316,45222847,150035
15704442,0,15778489,45183026,150042
15641136,259,15786389,45096632,150044
15725818,619,15601787,45096462,150046
15612071,644,15624715,44907503,150048
15719809,22,15763093,44295674,150051
15716518,4303,15572073,43956989,150056
15742210,239,15780256,37794968,150058
15630617,275,15659305,37794964,150059
15720838,1221,15638882,9317153,150082
15595537,816,15714680,45353489,150084
15623196,1222,15777217,44971754,150088
15679249,2363,15739123,44971695,150089
15693199,2262,15594450,44354740,150090
15661219,2,15797751,46040569,150100
15617136,2,15691543,46015329,150109
15760294,4508,15722845,45885668,150112
15652808,-402,15605804,45521094,150115
15657139,1577,15702061,45313670,150125
15803790,34,15694321,45289657,150126
15764105,795,15798749,45280378,150128
15672610,117,15720050,45280379,150153
15766896,5462,15758048,45156891,150154
15587735,402,15805681,44910453,150162
15659501,641,15802809,43708640,150164
15745001,36,15807239,43547728,150173
15651140,383,15749093,45356008,150175
15571148,283,15689344,45835909,160016
15776824,0,15606076,45988360,160033
15633141,3102,15610090,45988332,160045
15764174,889,15693926,45988288,160047
15778155,0,15791501,45988223,160057
15715920,-370,15621870,45988216,160058
15671917,-606,15734711,45988200,160064
15666548,10378,15814405,45988186,160069
15625623,1313,15729359,45988178,160079
15748123,8969,15606944,45988152,160080
15648735,-196,15671934,45988129,160082
15634974,15,15641773,45988082,160083
15713378,4608,15701972,45982414,160110
15753370,666,15749114,45982397,160153
15782659,452,15780362,45982374,170012
15583364,149,15753229,45838116,170013
15625942,7802,15656009,45772770,170016
15720284,1453,15785024,45619500,170020
15679642,1480,15670492,45465923,170040
15628007,715,15795458,45405317,170049
15661974,237,15732438,45397255,170086
15689341,694,15781987,45395413,170104
15607993,0,15775826,45384731,170122
15693267,55,15807457,45381579,170123
15769522,136,15632538,45358573,170142
15755825,-404,15641389,45325874,170182
15598175,779,15657306,45256848,170186
15744327,1187,15709447,45226508,170192
15798666,641,15762682,45104128,170195
15577064,826,15626042,45013786,170197
15759436,991,15597109,45013788,180009
15690231,1796,15756148,44921752,180010
15751561,22,15665634,44699303,180012
15739068,244,15739997,44691046,180013
15758056,1328,15686242,44649395,180027
15742269,7317,15759244,44417415,180035
15726490,4943,15672027,44118324,180038
15738411,258,15594576,43988448,180040
15727919,515,15707138,43671517,180044
15709396,12607,15756954,43438084,180048
15654106,2,15619130,43270299,180051
15621653,13,15639665,42071615,180067
15598086,103,15571065,41543587,180088
15752300,3872,15686060,39500870,180102
15658693,296,15615753,38588775,180103
15631838,217,15800961,45990795,180104
15803804,360,15763065,45766430,180130
15578809,428,15672467,45743219,180132
15752026,315,15752915,45737560,190002
15723706,121,15744695,45567110,190004
15752838,820,15584897,44984440,190008
15569571,195,15601857,44514710,190015
15769703,108,15674156,44514663,190019
15679770,-381,15695465,44111744,190026
15791102,757,15792232,42885860,190027
15655192,691,15807900,42790352,190036
15709487,1925,15743760,32731441,190039
15687130,902,15652835,45524003,190040
15755178,5207,15767818,45488230,190041
15634772,0,15591150,45288238,190045
15617197,665,15734659,44559655,190046
15631240,738,15796115,44393879,190060
15784301,233,15724648,44339851,190064
15631310,-839,15737732,46021161,190065
15756560,5799,15632280,45707695,190102
15732270,1033,15750407,45352383,190111
15739357,66,15795370,45344153,190125
15771540,2567,15656829,42829233,190146
15567486,1584,15643794,30186097,190160
15714634,182,15798605,45972746,190177
15727021,76,15637324,45617634,190205
15650670,663,15589589,46041682,190250
15711834,3455,15778936,46031518,190263
15729763,15,15757385,46031469,200009
15646566,1054,15666200,45868944,200024
15645463,1529,15683977,45138742,200033
15672144,63,15675518,45982956,210001
15596088,0,15584812,45982927,210004
15614878,920,15752984,45975358,210005
15635240,3696,15577913,45929258,210007
15775905,59,15591980,45929227,210008
15700657,0,15598948,45880454,210009
15611905,157,15574142,45880427,210011
15652527,2465,15766044,45872356,210015
15766044,0,15586680,45198425,210019
15586680,2,15635388,43776663,210022
15635388,0,15655175,38062687,210023
15655175,12437,15639133,38062642,210027
15639133,378,15799653,38062273,210029
15799653,211,15723872,45740968,210032
15723872,-228,15775627,45740585,210033
15775627,2747,15630704,43892543,210043
15630704,1932,15815534,43892507,210044
15815534,11269,15697249,45985966,210048
15697249,1314,15681316,45590165,210049
15681316,2275,15682523,45737822,210056
15682523,1304,15650244,46021892,210057
15650244,720,15648638,46021788,220001
15648638,2914,15795747,46021542,220008
15795747,1464,15607330,46021529,220012
15607330,11555,15624013,46021335,220033
15624013,-302,15800805,46021312,220035
15800805,2497,15667321,46021303,220046
15667321,-339,15601116,46020325,220060
15601116,56,15622033,46020310,220063
15622033,211,15758451,46020297,220071
15758451,3611,15688689,46019910,220074
15688689,0,15652674,46019809,220077
15652674,459,15806327,46019695,220080
15806327,242,15649618,46019688,220082
15649618,1138,15677117,46019685,220086
15677117,1319,15751445,46019666,220100
15751445,1,15749669,46019642,220101
15749669,67,15656351,46019487,220110
15656351,937,15667438,46019481,220111
15667438,0,15682273,46019476,220116
15682273,-558,15580912,46019340,220126
15580912,171,15785183,46019323,220135
15785183,696,15705383,46019292,220163
15705383,361,15712903,46019264,220171
15712903,227,15774285,46019260,220175
15774285,236,15583138,46019249,220176
15583138,-53,15740160,46019185,230004
15740160,192,15793425,46019182,230017
15793425,38,15749265,46019164,230019
15749265,518,15623989,46019155,230020
15623989,16,15604832,46019140,230021
15604832,-256,15584580,46019129,230029
15584580,105,15573854,46019109,230031
15573854,334,15614847,46019102,230036
15614847,1048,15679966,45412230,230038
15679966,108,15799435,45412027,230041
15799435,660,15752186,38050885,230046
15752186,0,15705544,36508983,230047
15705544,1034,15713632,45744041,230054
15713632,201,15586523,45845001,230070
15586523,189,15609176,45411148,230075
15609176,-49,15769308,45161578,230077
15769308,1413,15676810,44841307,230089
15676810,264,15634591,45761362,230092
15634591,54,15679804,44486409,230097
15679804,12519,15677764,45792733,230104
15677764,2881,15571917,45186527,230105
15571917,0,15574608,43203476,230117
15574608,88,15740868,45769224,230130
15740868,1020,15702442,45671146,230141
15702442,119,15699797,45670836,230146
15699797,1594,15648047,41650385,230151
15648047,342,15766826,45831805,230156
15766826,72,15591628,45570278,230165
15591628,14,15583857,45245792,230167
15583857,81,15752534,44353029,230195
15752534,231,15741403,46038222,230197
15741403,1161,15783589,46036062,230216
15783589,-45,15598046,46035982,230222
15598046,231,15643330,46035903,230227
15643330,36,15680405,46026268,230230
15680405,1570,15728683,46026254,230236
15728683,7050,15621644,46026211,230244
15621644,3704,15733032,46015077,230254
15733032,6619,15608381,45956393,230269
15608381,-84,15658946,45955814,230277
15658946,1509,15757912,45955635,240001
15757912,1134,15645371,45922957,240002
15645371,146,15653110,45920810,240010
15653110,9449,15766355,45848964,240036
15766355,374,15585249,45275400,240047
15585249,88,15611786,45275299,240053
15611786,2764,15575486,45275207,240057
15575486,2,15780215,45275176,240063
15780215,8023,15686099,45274957,240078
15686099,289,15739042,45273812,240088
15739042,0,15815316,45405588,240093
15815316,1382,15778489,40564596,240100
15778489,280,15786389,45662979,240106
15786389,2195,15601787,44393956,240115
15601787,33,15624715,46008413,250001
15624715,275,15763093,46017028,250004
15763093,703,15572073,46017029,250009
15572073,887,15780256,46006714,250019
15780256,0,15659305,46006713,250031
15659305,1178,15638882,46006715,250034
15638882,2763,15714680,45958603,250040
15714680,890,15777217,45947601,250048
15777217,548,15739123,45935742,250069
15739123,272,15594450,45935741,250078
15594450,6269,15797751,45935740,250094
15797751,178,15691543,45924805,250100
15691543,252,15722845,45778964,450651
15722845,23663,15605804,45556016,250102
15605804,81,15702061,44842329,250104
15702061,59,15694321,45924231,250141
15694321,1343,15798749,45909552,260001
15798749,225,15720050,35102830,260005
15720050,0,15758048,40900836,260006
15758048,2538,15805681,44953267,260009
15805681,43,15802809,46033168,260020
15802809,57,15807239,46031728,260025
15807239,-117,15749093,45983441,260027
15749093,666,15689344,44815307,260032
15689344,0,15606076,45741182,260040
15606076,25,15610090,44474408,260047
15610090,1034,15693926,44394033,260065
15693926,324,15791501,39123444,260068
15791501,0,15621870,36065553,260077
15621870,0,15734711,30176972,260085
15734711,621,15814405,45655744,260091
15814405,138,15729359,45655631,260095
15729359,4063,15606944,45955795,260096
15606944,11084,15671934,45384801,260104
15671934,310,15641773,45781491,260108
15641773,73,15701972,39608594,260110
15701972,1808,15749114,44752730,260119
15749114,1281,15780362,45977102,260137
15780362,64,15753229,45977029,260138
15753229,2,15656009,45975363,260141
15656009,60,15785024,45892869,260176
15785024,133,15670492,45958002,260177
15670492,3706,15795458,45929708,260179
15795458,174,15732438,45911391,260180
15732438,251,15781987,45832428,260183
15781987,4153,15775826,45263219,260186
15775826,985,15807457,45259159,270004
15807457,168,15632538,44807703,270012
15632538,1550,15641389,44671687,270014
15641389,7708,15657306,44247692,270049
15657306,-12,15709447,43819633,270051
15709447,6483,15762682,43819613,280003
15762682,60,15626042,43819654,280009
15626042,3339,15597109,45980381,280013
15597109,1161,15756148,43819592,280040
15756148,599,15665634,45980363,280060
15665634,28,15739997,45837603,280061
15739997,1430,15686242,45837591,280081
15686242,35,15759244,45837565,280125
15759244,6000,15672027,45837444,280128
15672027,0,15594576,45404457,290001
15594576,340,15707138,45388888,290003
15707138,0,15756954,45258955,290009
15756954,3,15619130,45144885,290019
15619130,445,15639665,44863243,290021
15639665,874,15571065,44679762,290022
15571065,705,15686060,44200013,290039
15686060,1033,15615753,43927612,290041
15615753,1354,15800961,43819626,290045
15800961,123,15763065,43759521,290046
15763065,8894,15672467,43584431,290053
15672467,429,15752915,42867083,300001
15752915,14752,15744695,42799433,300003
15744695,67,15584897,41090850,300005
15584897,39,15601857,40783009,300011
15601857,102,15674156,40543815,300012
15674156,1790,15695465,39414425,300023
15695465,15311,15792232,37779030,300029
15792232,-635,15807900,37778998,300034
15807900,115,15743760,44394110,310001
15743760,10786,15652835,46028329,310009
15652835,498,15767818,45985438,310012
15767818,1045,15591150,45880486,310014
15591150,810,15734659,45880487,310015
15734659,-162,15796115,45878973,310019
15796115,55,15724648,45083253,310021
15724648,586,15737732,45830510,310022
15737732,455,15632280,44394188,310029
15632280,1010,15750407,45461471,310031
15750407,509,15795370,45944571,310032
15795370,2929,15656829,45882029,310034
15656829,3071,15643794,44908317,310038
15643794,153,15798605,43264991,310041
15798605,1146,15637324,45196390,310045
15637324,1092,15589589,45961449,310047
15589589,3463,15778936,30788438,310048
15778936,1158,15757385,44752850,310050
15757385,26,15666200,44752210,310051
15666200,566,15683977,44897932,310052
15683977,204,15675518,44394265,310057
15675518,480,15584812,43008162,310064
15584812,1855,15752984,45919283,310070
15752984,1034,15577913,45578484,310073
15577913,3250,15591980,45530827,310075
15591980,1633,15598948,45476816,310076
15598948,0,15574142,44593808,310081
15574142,3334,15582903,44561523,310086
15582903,4020,15733229,44461154,310108
15733229,66,15635752,44373214,310111
15635752,-41,15771000,43852788,310113
15771000,322,15804864,43348793,320009
15804864,2643,15641175,36807330,320018
15641175,49,15692226,39636408,320021
15692226,1,15584156,45144843,320063
15584156,3098,15702656,44430246,320083
15702656,352,15606552,45844821,320085
15606552,65,15687001,45831430,320086
15687001,1949,15781903,45831368,330005
15781903,739,15731951,45764228,330011
15731951,1167,15580953,45764045,330013
15580953,231,15810390,45734051,330023
15810390,1136,15628274,45733659,330024
15628274,233,15615444,45335361,330028
15615444,817,15784010,45335320,330044
15784010,1128,15571586,45333777,330057
15571586,1831,15748616,44377843,330059
15748616,450,15769402,44394574,330067
15769402,0,15739248,24894894,330078
15739248,414,15603481,44394497,330090
15603481,1052,15723604,24894870,330101
15723604,1022,15797822,44394342,330106
15797822,343,15665064,44394419,330119
15665064,1944,15640580,44119212,330125
15640580,-32,15581089,45635339,330126
15581089,1781,15728605,44752787,330136
15728605,350,15737385,45396555,330140
15737385,2,15714789,45110556,330153
15714789,111,15786035,38370843,330158
15786035,168,15815259,38370844,330160
15815259,3,15592716,44394729,330167
15592716,102,15734850,44394651,330169
15734850,0,15638047,45923649,330182
15638047,159,15674573,44394806,330185
15674573,1134,15694859,45374235,330188
15694859,352,15776404,45971617,330191
15776404,865,15579345,45971619,330194
15579345,179,15690733,45971620,330195
15690733,5,15631481,45971621,330198
15631481,-230,15620988,44394883,330203
15620988,0,15571529,39823687,330214
15571529,3924,15592104,44442417,330222
15592104,764,15651900,44232520,330224
15651900,511,15596212,45789449,330234
15596212,4348,15710687,44395038,330236
15710687,3016,15613787,46019128,330241
15613787,279,15599211,44394960,330245
15599211,1405,15675983,45325825,330250
15675983,908,15622370,43173934,330264
15622370,162,15656319,45571226,330285
15656319,792,15605130,44752725,330286
15605130,111,15672574,43474805,330304
15672574,1281,15659355,44447502,330394
15659355,1012,15777907,31826495,330401
15777907,2881,15655171,45861265,340001
15655171,445,15619674,38730815,340002
15619674,643,15775192,45664783,340004
15775192,254,15617657,45862337,340014
15617657,-1212,15688951,45862336,340017
15688951,2125,15763460,45862335,340027
15763460,629,15756992,45862334,340028
15756992,-202,15617454,45293340,340030
15617454,271,15701932,26688248,340032
15701932,703,15700813,45339564,340040
15700813,-216,15645600,45471882,340047
15645600,88,15634146,45223418,340050
15634146,16,15686743,43577332,340053
15686743,466,15698792,44817656,340069
15698792,-75,15591724,45174334,340070
15591724,456,15571281,42367809,340073
15571281,77,15661380,44353689,340091
15661380,-244,15728885,42631364,340098
15728885,1209,15618950,46017102,340109
15618950,58,15609804,46017103,340113
15609804,421,15735849,46017104,340114
15735849,112,15652948,46017105,340115
15652948,13669,15618155,45947306,340116
15618155,1429,15566378,45669497,340131
15566378,794,15565879,45601638,340141
15565879,1957,15792922,45220743,340143
15792922,454,15770567,43659957,350002
15770567,882,15738042,46040662,350006
15738042,168,15714920,45833640,350011
15714920,714,15782121,45833514,350015
15782121,0,15673180,45829986,350019
15673180,1996,15660636,45829982,350070
15660636,163,15664504,45829915,360006
15664504,3190,15790322,45829911,360008
15790322,1772,15739847,45802574,360009
15739847,-151,15699415,45697217,360012
15699415,16,15665521,45697212,360017
15665521,7066,15682868,45696915,360019
15682868,454,15584462,45622798,360020
15584462,4798,15661708,45622786,360025
15661708,-298,15584452,45573206,360027
15584452,439,15717010,45396732,360035
15717010,1927,15643828,45388884,360039
15643828,671,15733361,45388844,360041
15733361,65,15795488,45388833,360048
15795488,-932,15581551,45124793,360051
15581551,4366,15632051,44738937,360052
15632051,0,15780409,44425350,360056
15780409,4900,15572767,44115189,360059
15572767,976,15590337,45965209,360064
15590337,148,15634551,45943638,360066
15634551,5,15669290,34900723,360068
15669290,-148,15621140,45961688,360070
15621140,113,15613518,45774974,360072
15613518,-105,15728043,45867974,360077
15728043,624,15570073,45599412,360078
15570073,-1680,15777033,45599382,360079
15777033,-461,15682454,45174580,360084
15682454,144,15758513,44907872,360085
15758513,4,15772604,44395192,360086
15772604,309,15721715,42905166,360095
15721715,866,15688563,44395115,360098
15688563,1020,15772009,45951082,360112
15772009,489,15809585,45666970,360118
15809585,8167,15593778,42134668,360132
15593778,-255,15655360,39562457,360133
15655360,3671,15780909,45596300,360134
15780909,636,15757310,45612562,360137
15757310,141,15801411,46035214,360145
15801411,150,15761706,46022246,360147
15761706,839,15658409,45956196,360155
15658409,26965,15810010,45924066,360159
15810010,716,15627027,45863597,360161
15627027,2485,15624374,45853476,360163
15624374,15030,15720083,45852782,360172
15720083,11303,15752294,45527860,360179
15752294,595,15743193,44952117,360180
15743193,19358,15696733,45669542,360211
15696733,203,15677522,45669538,360230
15677522,183,15643523,45669508,360262
15643523,255,15624936,45919488,370001
15624936,102,15716085,45276102,370016
15716085,94,15641688,45276039,370028
15641688,58,15796834,45115722,370037
15796834,606,15720123,44531595,370056
15720123,0,15604732,44521507,370091
15604732,65,15723484,44025534,370114
15723484,338,15807120,43675196,370202
15807120,757,15810891,43675103,370215
15810891,9269,15640407,43273151,370234
15640407,1206,15778838,45929298,380002
15778838,882,15709256,44395501,380004
15709256,5291,15742285,44395424,380007
15742285,61,15729019,36583514,380014
15729019,0,15608588,44395347,380018
15608588,1407,15610557,45235415,380020
15610557,25,15786418,44395269,380047
15786418,1354,15653050,45131783,380051
15653050,793,15744914,45973968,380075
15744914,10287,15669611,45967618,380089
15669611,5235,15594786,45907929,380090
15594786,3,15649211,45907825,380102
15649211,409,15766066,45907308,390001
15766066,35,15772216,45906372,390006
15772216,-459,15619898,45874193,390009
15619898,198,15724543,45592631,390013
15724543,99,15755084,45592044,390031
15755084,60,15730441,45592032,390044
15730441,3485,15666767,45591994,390045
15666767,-139,15690456,45591949,390046
15690456,952,15570533,45591929,390049
15570533,1427,15797692,45591910,390050
15797692,1017,15603135,45591849,390057
15603135,-29,15698927,45591802,390058
15698927,9,15687363,45591778,390063
15687363,4040,15733444,45591568,390073
15733444,13,15678057,45591491,390086
15678057,1259,15806918,45591470,390100
15806918,18,15638247,45591440,390108
15638247,-76,15674833,45591408,390110
15674833,221,15812534,45571272,390111
15812534,136,15586522,45373278,390133
15586522,16353,15794297,45348896,390137
15794297,-63,15737025,45830513,390139
15737025,7353,15615931,44396815,390145
15615931,511,15664860,45857786,390151
15664860,3913,15664539,44396737,390153
15664539,1097,15583692,45857773,390162
15583692,6102,15693131,44396660,390164
15693131,340,15779973,45857772,390168
15779973,-119,15620557,44396583,390174
15620557,2993,15639549,45857767,390179
15639549,3575,15618750,44396506,390180
15618750,361,15796790,45857766,390195
15796790,1072,15668309,44396428,390197
15668309,2904,15732437,45857751,390201
15732437,1790,15665158,44396351,390223
15665158,86,15689322,45857750,390225
15689322,1633,15596624,44396274,390226
15596624,8312,15601977,45857728,390231
15601977,172,15801462,44396197,390237
15801462,0,15566139,45857729,390256
15566139,222,15791006,44396119,390258
15791006,109,15668057,45857564,390265
15668057,1451,15580805,44396042,390268
15580805,1066,15658768,45857542,390270
15658768,3163,15613048,44395965,410007
15613048,888,15803654,45857543,410009
15803654,428,15662337,44395888,410012
15662337,106,15650924,45856888,420002
15650924,0,15647203,44395810,420004
15647203,979,15682778,45856873,420007
15682778,2662,15579820,44395733,420018
15579820,84,15709354,45856859,420023
15709354,5920,15728480,44395656,420026
15728480,816,15641091,45856857,420027
15641091,3276,15603111,44395578,420049
15603111,2,15679693,44396892,420051
15679693,-51,15797190,45856858,420067
15797190,3315,15788025,45855062,420071
15788025,196,15646168,44397665,420073
15646168,552,15580493,45844168,420078
15580493,2347,15726720,44397587,420079
15726720,3723,15735799,45844045,420082
15735799,255,15773098,44397510,420085
15773098,3143,15668971,45843685,420087
15668971,0,15603221,44397433,420091
15603221,6411,15740043,45843686,420098
15740043,1909,15712264,44397356,430012
15712264,3873,15751926,45843684,430027
15751926,1013,15589401,44397278,430077
15589401,262,15742019,45824813,430095
15742019,3217,15660611,44397124,440002
15660611,5436,15607634,45710537,450661
15607634,2067,15595036,45699762,440006
15595036,215,15745794,44397201,440011
15745794,1594,15781689,45699439,440012
15781689,134,15696054,45636092,440015
15696054,262,15752467,45619226,440017
15752467,3021,15597739,44397047,440029
15597739,388,15651336,45603119,440030
15651336,3412,15636061,44396969,440034
15636061,1291,15723013,45345676,440035
15723013,79,15784148,45291023,440039
15784148,2013,15578098,45158846,440048
15578098,543,15638621,44398437,440049
15638621,1016,15720924,45082802,440053
15720924,604,15566531,44398360,440059
15566531,525,15718064,45026953,440063
15718064,353,15605067,44398283,440073
15605067,964,15655335,44786575,440082
15655335,3913,15607301,44398206,440091
15607301,879,15694628,44698204,440104
15694628,314,15607112,44398128,440120
15607112,0,15635775,44375521,440125
15635775,1370,15644280,44398051,440133
15644280,37,15708362,44280068,440137
15708362,673,15771997,44397974,440144
15771997,-342,15730579,44095100,440150
15730579,291,15728005,44397896,440156
15728005,1787,15791674,43618547,440161
15791674,4789,15754599,44397819,440173
15754599,1350,15693690,42778494,440185
15693690,1476,15728963,44397742,440189
15728963,0,15659710,45970214,440193
15659710,747,15658675,45970209,450007
15658675,307,15638788,45265645,450010
15638788,147,15609735,45265641,450011
15609735,221,15771477,45888652,450023
15771477,-88,15570145,45939569,450029
15570145,9374,15797149,45842916,450033
15797149,264,15636912,45842891,450034
15636912,1109,15687828,45842728,450037
15687828,502,15667424,45979050,450040
15667424,360,15759872,45979075,450042
15759872,194,15572374,45740138,450046
15572374,4073,15754926,45740529,450051
15754926,2317,15687431,44769704,450054
15687431,-221,15604515,39344436,450056
15604515,132,15682839,44450577,450058
15682839,0,15624677,45951751,450064
15624677,16,15646366,44077022,450068
15646366,106,15701768,44076961,450079
15701768,93,15623566,22684671,450083
15623566,543,15681274,35205907,450087
15681274,5883,15762573,27045865,450102
15762573,627,15706458,46041199,450132
15706458,696,15654222,46023826,450133
15654222,784,15704053,46023760,450135
15704053,105,15724321,45979261,450137
15724321,4189,15621815,45978941,450184
15621815,171,15724876,45978932,450193
15724876,42,15696588,45942254,450196
15696588,2536,15612832,45942252,450200
15612832,1235,15804295,45942242,450209
15804295,1811,15712536,45942226,450211
15712536,229,15662494,45942211,450222
15662494,2089,15807728,45942135,450229
15807728,3935,15764916,45942085,450231
15764916,363,15615330,45942076,450236
15615330,11971,15638487,45939892,450237
15638487,553,15627859,45939885,450271
15627859,1117,15622192,45939880,450280
15622192,396,15789413,45939876,450324
15789413,2204,15583221,45939108,450346
15583221,872,15768495,45933015,450358
15768495,145,15644103,45931754,450388
15644103,0,15741197,45931235,450431
15741197,-849,15664547,45930773,450447
15664547,4629,15797293,45930704,450462
15797293,844,15572021,45930620,450469
15572021,228,15637461,45930603,450484
15637461,50,15620577,45927499,450558
15620577,1539,15609643,45927275,450563
15609643,2231,15785358,45926551,450565
15785358,3064,15603883,45926453,450571
15603883,82,15782550,45926057,450604
15782550,2155,15775761,45192452,450610
15775761,101,15680201,45192447,450617
15680201,784,15767594,45077359,450634
15767594,-516,15591985,45043065,450638
15591985,415,15789339,45015984,450647
15789339,5887,15781530,44331515,450668
15781530,1355,15705174,43529811,450672
15705174,16873,15572114,41329485,450684
15572114,203,15804009,45588095,450686
15804009,338,15662698,46043149,450702
15662698,444,15696047,46043099,450713
15696047,0,15701160,46042618,450742
15701160,360,15790093,46042587,450775
15790093,0,15632143,46042569,450788
15632143,2,15736778,46042372,450801
15736778,6248,15734917,46042334,450820
15734917,412,15643903,46038360,450832
15643903,344,15569526,46038340,450851
15569526,3222,15777067,46038304,450855
15777067,174,15795511,46038279,450862
15795511,591,15610419,46038273,450869
15610419,388,15644994,46038201,450876
15644994,219,15703707,46038191,460001
15703707,451,15659327,46030086,460004
15659327,5,15771323,46030082,460005
15771323,177,15750549,46016209,460010
15750549,657,15698462,46016193,460021
15698462,1315,15739692,46015337,460047
15739692,1466,15744041,46015290,470003
15744041,879,15700714,45984178,490004
15700714,293,15777743,45984176,490005
15777743,424,15623143,45984166,490007
15623143,1831,15712568,45983574,490009
15712568,111,15617432,45983543,490011
15617432,455,15650424,45983500,490017
15650424,-195,15728829,45981648,490021
15728829,3616,15680430,45981633,490022
15680430,14093,15687626,45976206,490024
15687626,1567,15609187,45968485,490040
15609187,5426,15609521,45968373,490042
15609521,261,15634602,45964418,490044
