Source_Account_r,Destination_Account_r,Amount_received
15647311,15634602,42000.83
15619304,15647311,36624.4
15701354,15619304,8391.73
15737888,15701354,16771.87
15574012,15737888,39478.77
15592531,15574012,6526.69
15656148,15592531,36563.98
15792365,15656148,12336.89
15592389,15792365,18745.21
15767821,15592389,12443.1
15737173,15767821,10749.44
15632264,15737173,6368.99
15691483,15632264,6094.63
15600882,15691483,9627.49
15643966,15600882,22817.86
15737452,15643966,17966.78
15788218,15737452,21647.08
15661507,15788218,19390.64
15568982,15661507,14007.18
15577657,15568982,4358.22
15597945,15577657,24134.94
15699309,15597945,5834.33
15725737,15699309,18893.79
15625047,15725737,16536.65
15738191,15625047,9057.49
15736816,15738191,6031.93
15700772,15736816,41882.46
15728693,15700772,20235.38
15656300,15728693,11341.29
15589475,15656300,42159.86
15706552,15589475,27984.15
15750181,15706552,4967.36
15659428,15750181,12899.67
15732963,15659428,14802.33
15794171,15732963,61498.63
15788448,15794171,5898.93
15729599,15788448,22237.03
15717426,15729599,8078.99
15585768,15717426,27500.41
15619360,15585768,5944.53
15738148,15619360,23473.17
15687946,15738148,7207.46
15755196,15687946,14301.3
15684171,15755196,32314.25
15754849,15684171,9194.86
15602280,15754849,5101.12
15771573,15602280,21998.58
15766205,15771573,14746.66
15771873,15766205,14818.48
15616550,15771873,24026.64
15768193,15616550,30122.6
15683553,15768193,16453.24
15702298,15683553,22240.45
15569590,15702298,11759.86
15760861,15569590,36821.24
15630053,15760861,14496.24
15647091,15630053,45666.12
15623944,15647091,22275.41
15804771,15623944,30130.01
15651280,15804771,15135.78
15773469,15651280,7824.39
15702014,15773469,30525.78
15751208,15702014,3564.21
15592461,15751208,38447.83
15789484,15592461,26618.81
15696061,15789484,14781.43
15641582,15696061,13895.27
15638424,15641582,13390.63
15755648,15638424,10067.15
15703793,15755648,13939.92
15620344,15703793,28433.5
15812518,15620344,4377.22
15779052,15812518,22121.32
15770811,15779052,20287.25
15780961,15770811,14792.83
15614049,15780961,8257.21
15662085,15614049,14519.42
15575185,15662085,7590.12
15803136,15575185,25508.07
15706021,15803136,9959.99
15663706,15706021,46469.82
15641732,15663706,22246.53
15701164,15641732,17613.76
15738751,15701164,50060.44
15805254,15738751,30020.95
15762418,15805254,15030.33
15625759,15762418,8230.23
15622897,15625759,29290.59
15767954,15622897,16145.63
15757535,15767954,3239.69
15731511,15757535,26757.7
15809248,15731511,15047.24
15640635,15809248,10543.48
15676966,15640635,4506.61
15699461,15676966,14405.61
15738721,15699461,10221.43
15693683,15738721,19529.91
15604348,15693683,7810.9
15633059,15604348,15677.28
15808582,15633059,9332.23
15743192,15808582,1059.82
15580146,15743192,7908.56
15776605,15580146,7376.37
15804919,15776605,21946.9
15613854,15804919,47099.48
15599195,15613854,19840.94
15812878,15599195,14173.24
15602312,15812878,17504.13
15744689,15602312,5122.02
15803526,15744689,29736.71
15665790,15803526,6938.23
15715951,15665790,10324.6
15591100,15715951,15086.19
15609618,15591100,30451.11
15675522,15609618,31308.39
15705512,15675522,19912.19
15698028,15705512,12714.42
15661670,15698028,10452.66
15600781,15661670,29844.63
15682472,15600781,388.55
15580203,15682472,13863.73
15690673,15580203,16335.25
15760085,15690673,6598.13
15779659,15760085,13892.61
15627360,15779659,16203.58
15671137,15627360,14725.19
15782688,15671137,31261.08
15575492,15782688,26183.9
15591607,15575492,14536.52
15740404,15591607,22463.7
15718369,15740404,36061.62
15677871,15718369,11365.8
15642004,15677871,13870.38
15712543,15642004,15142.24
15584518,15712543,22160.08
15802381,15584518,15227.17
15610156,15802381,33345
15594408,15610156,29810.05
15640905,15594408,15430.47
15698932,15640905,23696.99
15724944,15698932,9586.07
15628145,15724944,8319.72
15713483,15628145,12974.34
15612350,15713483,12290.91
15800703,15612350,7645.6
15705707,15800703,36541.18
15754105,15705707,3279.4
15703264,15754105,12584.27
15794413,15703264,21683.18
15650237,15794413,20288.39
15759618,15650237,18792.52
15811589,15759618,35680.86
15689044,15811589,20022.77
15709368,15689044,27967.43
15679145,15709368,27735.25
15655007,15679145,18681.56
15623595,15655007,872.48
15589975,15623595,7604.75
15804017,15589975,27608.14
15692132,15804017,26697.09
15641122,15692132,21091.52
15630910,15641122,35413.91
15680772,15630910,21142.82
15658929,15680772,11163.83
15585388,15658929,45311.77
15724623,15585388,10336.95
15588537,15724623,7694.05
15574692,15588537,24740.09
15611325,15574692,7782.4
15587562,15611325,17509.26
15613172,15587562,25643.54
15651022,15613172,14546.59
15586310,15651022,53339.46
15625524,15586310,17268.34
15755209,15625524,21551.32
15645248,15755209,9333.94
15790355,15645248,7708.3
15762615,15790355,11467.83
15625426,15762615,15682.22
15716334,15625426,5475.23
15789669,15716334,15095.88
15621075,15789669,14070.45
15810845,15621075,17395.26
15719377,15810845,36512.11
15654506,15719377,18727.35
15771977,15654506,34412.61
15708710,15771977,12674.14
15726676,15708710,4538.34
15587421,15726676,24988.99
15726931,15587421,7395.18
15771086,15726931,12598.9
15756850,15771086,38230.28
15702741,15756850,20688.53
15679200,15702741,15456.88
15594815,15679200,8226.24
15635905,15594815,17168.4
15777892,15635905,2257.77
15656176,15777892,3754.97
15811127,15656176,29070.57
15604482,15811127,10764.45
15622911,15604482,22638.88
15600974,15622911,22058.05
15727868,15600974,23076.07
15627801,15727868,13536.55
15773039,15627801,20169.26
15755262,15773039,17152.82
15679531,15755262,12225.93
15684181,15679531,6153.53
15612087,15684181,21771.15
15752047,15612087,26269.02
15624592,15752047,22799.24
15573152,15624592,25772.93
15594917,15573152,8886.87
15785542,15594917,24559.59
15723488,15785542,35830.2
15680920,15723488,20135.44
15786308,15680920,28339.26
15659366,15786308,6215.85
15774854,15659366,6401.29
15725311,15774854,30388.79
15787155,15725311,27931.71
15727829,15787155,13301.14
15733247,15727829,10927.85
15568748,15733247,6795.73
15699029,15568748,14096.67
15774393,15699029,6625.3
15676895,15774393,16821.27
15637753,15676895,15570.88
15605461,15637753,10268.17
15808473,15605461,2706.36
15627000,15808473,14702.01
15787174,15627000,24603.1
15723886,15787174,33400.67
15704769,15723886,9197.52
15772896,15704769,7807.67
15711540,15772896,22981.64
15764866,15711540,45726.92
15794056,15764866,15186.51
15795149,15794056,30378.91
15812009,15795149,14502.32
15651001,15812009,3652.94
15813844,15651001,10363.55
15596175,15813844,35949.52
15576269,15596175,12481.29
15797219,15576269,27930
15685500,15797219,13441.17
15599792,15685500,14204.4
15657566,15599792,10665.84
15772423,15657566,23118.63
15628112,15772423,2822.64
15753754,15628112,24537.55
15793726,15753754,25093.3
15694717,15793726,12029.09
15665834,15694717,23053.46
15765297,15665834,7914.83
15636684,15765297,33667.81
15592979,15636684,14146.45
15750803,15592979,13439.08
15607178,15750803,18452.23
15713853,15607178,20825.71
15673481,15713853,19257.07
15686776,15673481,9403.86
15673693,15686776,6470.07
15700696,15673693,26723.69
15813163,15700696,15272.96
15653857,15813163,576.27
15777076,15653857,19727.13
15717398,15777076,24350.02
15799217,15717398,23415.79
15787071,15799217,5898.36
15619955,15787071,29036.18
15796505,15619955,3162.36
15725166,15796505,26184.66
15800116,15725166,17872.73
15758685,15800116,16196.36
15694456,15758685,14083.18
15767339,15694456,18751.86
15683562,15767339,15196.2
15782210,15683562,19311.6
15668893,15782210,31013.51
15669169,15668893,24243.05
15643024,15669169,25440.62
15699389,15643024,14566.16
15708608,15699389,25135.29
15626144,15708608,13728.83
15573112,15626144,2616.3
15790678,15573112,1763.01
15727556,15790678,15475.12
15697307,15727556,15851.13
15652266,15697307,3141.08
15607098,15652266,26046.72
15655774,15607098,51623
15590241,15655774,7672.39
15785819,15590241,32316.53
15723654,15785819,24150.9
15774510,15723654,24949.85
15684173,15774510,11960.12
15650068,15684173,23178.1
15811490,15650068,18042.4
15803976,15811490,15853.98
15682541,15803976,15032.42
15695699,15682541,15957.91
15624188,15695699,20321.45
15812191,15624188,43223.1
15636673,15812191,15609.26
15594898,15636673,6462.09
15660211,15594898,2765.45
15773972,15660211,16636.59
15746726,15773972,12768.57
15712287,15746726,13281.19
15702919,15712287,18960.29
15674398,15702919,29291.92
15797960,15674398,317.49
15631868,15797960,17058.96
15581539,15631868,24812.86
15662736,15581539,11943.02
15666252,15662736,40561.96
15677512,15666252,3810.83
15626114,15677512,7233.11
15810834,15626114,18626.08
15678910,15810834,21861.97
15694408,15678910,30284.48
15585215,15694408,28134.06
15682757,15585215,28342.68
15736601,15682757,13300.57
15601848,15736601,14975.23
15736008,15601848,11073.2
15669064,15736008,8059.04
15624528,15669064,11420.71
15598493,15624528,3412.97
15601274,15598493,15055.03
15702669,15601274,7722.93
15728669,15702669,5037.09
15742668,15728669,18133.03
15697441,15742668,11024.18
15740476,15697441,23314.71
15648064,15740476,59186.52
15636624,15648064,4630.11
15807923,15636624,10056.89
15745844,15807923,17501.28
15786170,15745844,7184.09
15681081,15786170,2270.12
15684484,15681081,29532.46
15785869,15684484,48291.16
15763859,15785869,8708.65
15658935,15763859,7042.54
15747358,15658935,13272.83
15735203,15747358,34143.19
15576256,15735203,16431.39
15659420,15576256,48122.82
15593365,15659420,37128.66
15777352,15593365,5218.35
15812007,15777352,25625.49
15625461,15812007,6747.28
15739438,15625461,29219.15
15611759,15739438,32188.85
15661629,15611759,30739.15
15633950,15661629,36911.49
15592386,15633950,28475.87
15803716,15592386,16588.52
15696674,15803716,23511.74
15706365,15696674,21202.48
15745088,15706365,10511.94
15676715,15745088,14651.66
15613085,15676715,5159.26
15633537,15613085,15881.91
15594720,15633537,10094.32
15684042,15594720,20767.57
15583303,15684042,13317.1
15611579,15583303,30928.2
15774696,15611579,19165.87
15694506,15774696,14234.04
15688074,15694506,16835.14
15759537,15688074,5314.3
15758449,15759537,11634.27
15583456,15758449,13239.39
15667871,15583456,28863.28
15677371,15667871,24772.39
15629677,15677371,15970.83
15713578,15629677,7852.32
15591509,15713578,8920.69
15568240,15591509,21501.54
15622993,15568240,15088.47
15689294,15622993,40451.19
15720910,15689294,13588.61
15721181,15720910,15878.68
15776433,15721181,12877.63
15748936,15776433,13243.76
15717225,15748936,6266.96
15685226,15717225,16012.82
15785611,15685226,8427.07
15573456,15785611,12149.55
15684548,15573456,16265.71
15620505,15684548,15260.8
15807432,15620505,8614.6
15584766,15807432,15651.06
15612187,15584766,17819.53
15762218,15612187,13159.02
15646372,15762218,1938.19
15690452,15646372,23631.44
15747795,15690452,9407.09
15781589,15747795,12475.78
15732674,15781589,22284.72
15642291,15732674,2793.95
15692761,15642291,16129.1
15578045,15692761,20990.82
15745354,15578045,25143.84
15701376,15745354,22115.05
15691625,15701376,72441.68
15566594,15691625,5775.43
15760431,15566594,23382.54
15686302,15760431,28948.21
15801559,15686302,2386.78
15810432,15801559,19783.75
15809616,15810432,12206.93
15720559,15809616,11428.88
15695632,15720559,12701.69
15659843,15695632,29250.12
15615624,15659843,17084.04
15810418,15615624,29104.58
15716186,15810418,6676.6
15674551,15716186,16697.39
15622834,15674551,24361.61
15566111,15622834,21292.92
15784597,15566111,29262.09
15652883,15784597,19730.36
15806964,15652883,12519.67
15576313,15806964,3070.21
15806467,15576313,8425.36
15597602,15806467,24595.12
15743040,15597602,1180.28
15705521,15743040,5894.18
15595039,15705521,13324.13
15799384,15595039,21297.86
15581197,15799384,13005.88
15693737,15581197,4453.03
15624623,15693737,26389.1
15783501,15624623,3520.13
15690134,15783501,16866.87
15782735,15690134,9362.06
15611088,15782735,13258.39
15672145,15611088,3120.37
15732628,15672145,9929.59
15787470,15732628,21083.16
15803406,15787470,32481.45
15730460,15803406,17189.3
15644572,15730460,22534.76
15694860,15644572,14725.19
15658169,15694860,24926.67
15794396,15658169,7389.1
15785798,15794396,14937.99
15710825,15785798,18490.99
15668444,15710825,5887.34
15726631,15668444,17864.56
15733797,15726631,8948.43
15747960,15733797,49208.86
15634632,15747960,10153.03
15707362,15634632,24647.18
15662976,15707362,11479.99
15732778,15662976,28050.08
15718443,15732778,29644.94
15670039,15718443,9246.35
15773792,15670039,20870.55
15613786,15773792,31036.88
15726032,15613786,5202.39
15663252,15726032,18422.59
15593782,15663252,83784.11
15633283,15593782,1950.16
15749167,15633283,30224.63
15759298,15749167,8261.77
15683625,15759298,19946.77
15635367,15683625,15704.83
15681705,15635367,18016.94
15603156,15681705,35112
15591986,15603156,13021.27
15798888,15591986,23960.14
15809722,15798888,5476.37
15677538,15809722,12234.48
15797736,15677538,28677.65
15695585,15797736,23744.11
15744398,15695585,15623.32
15750658,15744398,11460.61
15578186,15750658,23254.48
15676519,15578186,20808.99
15637954,15676519,21329.78
15758639,15637954,27343.85
15613772,15758639,33573.19
15731744,15613772,27666.28
15807709,15731744,12598.33
15714689,15807709,3465.22
15699005,15714689,18582.76
15624170,15699005,8949.95
15725679,15624170,21824.54
15585865,15725679,9475.3
15804256,15585865,12896.63
15662403,15804256,3643.06
15733616,15662403,30266.81
15591995,15733616,10214.97
15677020,15591995,950.19
15727688,15677020,36849.74
15715941,15727688,9769.61
15714485,15715941,9008.85
15730059,15714485,10843.68
15715527,15730059,19490.39
15576623,15715527,11276.69
15805565,15576623,8477.04
15677307,15805565,27759.57
15773890,15677307,5454.71
15598883,15773890,13459.22
15568506,15598883,16078.37
15761043,15568506,9073.83
15782236,15761043,9657.89
15593601,15782236,20475.92
15682048,15593601,7035.51
15746902,15682048,24737.05
15752081,15746902,51550.8
15781307,15752081,19861.46
15775912,15781307,11885.64
15745417,15775912,12750.9
15671256,15745417,13545.48
15653547,15671256,10910.94
15595766,15653547,17476.96
15742358,15595766,8736.2
15763274,15742358,16142.97
15786063,15763274,24634.07
15600258,15786063,29178.11
15573318,15600258,21605.66
15653849,15573318,7333.62
15694272,15653849,8118.7
15736112,15694272,20973.15
15749851,15736112,11992.99
15663478,15749851,13252.12
15592300,15663478,15176.25
15567832,15592300,52591.05
15776780,15567832,62373.01
15592846,15776780,13379.23
15739803,15592846,25378.87
15794142,15739803,23985.79
15762729,15794142,16723.23
15667896,15762729,8948.24
15626578,15667896,62643.95
15776223,15626578,19617.12
15705953,15776223,7516.4
15802593,15705953,33423.47
15615457,15802593,9253.76
15708916,15615457,24905.58
15720187,15708916,20058.87
15595440,15720187,20378.45
15600651,15595440,10796.94
15750141,15600651,23256.76
15657284,15750141,14573
15763063,15657284,10057.08
15709324,15763063,10863.82
15711309,15709324,19125.02
15775318,15711309,35357.29
15705515,15775318,17613.95
15634844,15705515,8542.21
15717046,15634844,3502.08
15571816,15717046,18595.87
15670080,15571816,19361
15800440,15670080,12382.3
15665678,15800440,16936.98
15665956,15665678,15666.07
15788126,15665956,29570.08
15811773,15788126,20782.39
15651674,15811773,33155.57
15689614,15651674,60514.24
15795564,15689614,20533.87
15706647,15795564,6525.74
15728505,15706647,13877.98
15730076,15728505,23966.41
15622003,15730076,22201.31
15607312,15622003,26129.56
15644753,15607312,19455.62
15653620,15644753,9408.23
15761986,15653620,36490.64
15633922,15761986,19481.27
15734674,15633922,17456.25
15658032,15734674,12257.85
15692671,15658032,42762.92
15737741,15692671,47118.86
15576352,15737741,28355.41
15753719,15576352,14280.78
15803689,15753719,16125.11
15718057,15803689,14412.83
15722010,15718057,8008.31
15680998,15722010,15729.15
15614782,15680998,81512.09
15591047,15614782,14291.61
15788291,15591047,17467.46
15604044,15788291,10352.34
15679587,15604044,16088.63
15775153,15679587,11815.15
15603925,15775153,52935.71
15680970,15603925,20732.61
15697183,15680970,10540.82
15567446,15697183,24058.75
15637476,15567446,8855.33
15714939,15637476,3998.93
15683503,15714939,12616.38
15645569,15683503,32274.35
15782569,15645569,11058.95
15592387,15782569,16979.92
15609286,15592387,45217.15
15814035,15609286,13741.94
15661249,15814035,53742.64
15629117,15661249,13449.53
15607170,15629117,1485.61
15586585,15607170,24620.96
15686611,15586585,14639.5
15603203,15686611,7173.26
15619857,15603203,7683.41
15805062,15619857,23855.83
15660271,15805062,3380.67
15745295,15660271,14942.74
15719352,15745295,17931.82
15766575,15719352,2646.51
15594594,15766575,14623.92
15646161,15594594,11779.62
15682585,15646161,17832.45
15603134,15682585,15649.16
15636444,15603134,16171.09
15773456,15636444,46759.57
15745307,15773456,18337.28
15604119,15745307,8975.03
15626900,15604119,21838.6
15605447,15626900,22294.98
15589030,15605447,22238.93
15692463,15589030,9751.37
15712403,15692463,13586.33
15811762,15712403,14028.27
15718673,15811762,24599.68
15724282,15718673,2646.51
15738181,15724282,2017.61
15633648,15738181,14586.87
15603323,15633648,10900.49
15583725,15603323,12223.27
15588350,15583725,4079.11
15798398,15588350,19423.89
15784844,15798398,8685.85
15580684,15784844,5698.1
15809663,15580684,42779.07
15640078,15809663,13395.38
15698786,15640078,10671.54
15569807,15698786,24446.16
15730830,15569807,14257.98
15805112,15730830,40456.89
15633064,15805112,41586.63
15703119,15633064,21484.63
15730447,15703119,10340.18
15813850,15730447,2656.96
15711889,15813850,22542.74
15664610,15711889,24911.09
15751710,15664610,13053.76
15692926,15751710,12333.09
15813741,15692926,14363.62
15698474,15813741,7153.5
15568595,15698474,21092.09
15603065,15568595,14580.22
15592937,15603065,775.01
15699637,15592937,9963.22
15667215,15699637,5920.78
15788659,15667215,13225.33
15763218,15788659,10574.07
15645772,15763218,17670.38
15725511,15645772,45102.01
15575024,15725511,11564.16
15640825,15575024,10535.5
15662397,15640825,16454.76
15576368,15662397,11309.37
15674991,15576368,13336.86
15721024,15674991,1524.18
15745621,15721024,7077.88
15642394,15745621,16989.61
15754605,15642394,92138.79
15607040,15754605,13391.96
15715142,15607040,15597.67
15810978,15715142,29040.36
15668886,15810978,12907.08
15780804,15668886,15126.85
15613880,15780804,5917.55
15775238,15613880,18705.12
15786905,15775238,19965.96
15747867,15786905,20754.65
15600337,15747867,10839.69
15801277,15600337,33580.03
15579334,15801277,8288.75
15802741,15579334,13020.7
15720649,15802741,9775.5
15589493,15720649,5302.33
15688251,15589493,23591.73
15665238,15688251,8589.33
15740900,15665238,6982.31
15681068,15740900,27380.71
15748625,15681068,17485.51
15727299,15748625,2323.51
15620204,15727299,12409.47
15669516,15620204,13042.74
15736534,15669516,12825.95
15803457,15736534,13440.03
15659098,15803457,14063.23
15603436,15659098,47645.54
15566292,15603436,34217.29
15808621,15566292,2822.64
15580148,15808621,26364.78
15776231,15580148,6187.54
15773809,15776231,7858.21
15649423,15773809,13526.29
15734886,15649423,7665.55
15722548,15734886,7314.62
15650288,15722548,8596.36
15629448,15650288,17446.56
15716164,15629448,18364.07
15807609,15716164,46016.29
15578977,15807609,15149.27
15677369,15578977,30145.4
15804072,15677369,13885.58
15696859,15804072,24152.04
15653780,15696859,18892.46
15721658,15653780,23816.69
15578761,15721658,29477.36
15736879,15578761,8446.26
15571973,15736879,8964.2
15626742,15571973,32156.17
15672692,15626742,12728.86
15673570,15672692,4404.58
15767432,15673570,17028.75
15654238,15767432,21863.3
15612525,15654238,9592.91
15812750,15612525,9171.3
15790757,15812750,13856.32
15723873,15790757,10299.14
15744607,15723873,17371.7
15612966,15744607,8406.17
15784209,15612966,38621.87
15794278,15784209,9264.97
15766741,15794278,14841.47
15661036,15766741,9383.34
15705639,15661036,13516.22
15637414,15705639,22667.38
15716835,15637414,54326.51
15696231,15716835,7836.17
15641675,15696231,24189.28
15670755,15641675,13235.78
15640059,15670755,13139.83
15787619,15640059,20713.8
15587535,15787619,12095.97
15813034,15587535,109791.5
15698839,15813034,17253.52
15790314,15698839,18975.68
15634245,15790314,8723.66
15677305,15634245,8552.66
15661526,15677305,13626.04
15685997,15661526,19619.78
15660101,15685997,13768.35
15637979,15660101,4130.79
15815364,15637979,20960.8
15647099,15815364,8869.01
15625944,15647099,2248.27
15583212,15625944,10757.23
15582741,15583212,17936.38
15637876,15582741,15698.37
15622750,15637876,10092.8
15672056,15622750,20799.87
15812351,15672056,23790.85
15810864,15812351,35398.71
15677921,15810864,18183
15724296,15677921,21042.69
15685329,15724296,2756.14
15584091,15685329,46623.72
15640442,15584091,53285.12
15639314,15640442,28173.58
15685320,15639314,12632.91
15789158,15685320,13076.56
15752137,15789158,26777.46
15712551,15752137,3285.29
15628936,15712551,2671.4
15797227,15628936,25334.03
15769974,15797227,14884.6
15737051,15769974,13086.25
15585595,15737051,31176.72
15654060,15585595,13317.29
15745196,15654060,17295.89
15571221,15745196,7319.18
15660155,15571221,8193.37
15605284,15660155,10610.93
15694366,15605284,19990.66
15600739,15694366,21119.83
15653253,15600739,14603.02
15763431,15653253,7594.3
15643696,15763431,12128.65
15707473,15643696,21251.69
15769504,15707473,28020.25
15776807,15769504,4707.06
15686870,15776807,19466.64
15668747,15686870,37004.21
15766908,15668747,4835.88
15570134,15766908,15285.31
15567367,15570134,32950.94
15747542,15567367,16679.72
15762238,15747542,20870.55
15681554,15762238,17453.21
15712825,15681554,32340.47
15640280,15712825,3430.64
15756026,15640280,1410.37
15613319,15756026,12576.86
15798906,15613319,11801.09
15708917,15798906,15770.38
15778463,15708917,39184.65
15699430,15778463,15789.95
15649992,15699430,21479.69
15578980,15649992,29157.21
15775306,15578980,22020.43
15641655,15775306,24530.14
15619708,15641655,41162.55
15734565,15619708,10413.52
15806438,15734565,13876.08
15591969,15806438,13496.84
15747807,15591969,6345.24
15596939,15747807,12775.79
15716155,15596939,23977.43
15765311,15716155,1142.28
15757811,15765311,4024.77
15603830,15757811,28953.72
15660602,15603830,52963.26
15660535,15660602,10020.79
15666633,15660535,17899.71
15596914,15666633,18020.74
15639788,15596914,34843.91
15695846,15639788,0
15726234,15695846,13908.57
15797964,15726234,17378.35
15625881,15797964,13200.44
15780628,15625881,12605.17
15575883,15780628,14255.32
15585036,15575883,20900.95
15589488,15585036,18174.64
15585888,15589488,30126.02
15727915,15585888,10325.36
15707567,15727915,10853.94
15737792,15707567,18456.6
15599433,15737792,13413.24
15672012,15599433,21520.92
15806983,15672012,17589.63
15592222,15806983,9691.71
15608968,15592222,7560.86
15586959,15608968,27802.13
15646558,15586959,10388.63
15725811,15646558,14941.79
15572265,15725811,10530.18
15794048,15572265,25583.12
15677610,15794048,17801.29
15745012,15677610,8279.25
15601589,15745012,10060.88
15686436,15601589,23151.69
15693864,15686436,14573.76
15760550,15693864,5803.17
15686137,15760550,21674.06
15809087,15686137,35666.04
15807663,15809087,16507.96
15809100,15807663,22377.25
15794916,15809100,10559.06
15614215,15794916,9027.66
15805449,15614215,7419.12
15686983,15805449,7393.47
15808017,15686983,13226.09
15756804,15808017,20804.05
15646810,15756804,23698.51
15710424,15646810,24793.67
15799422,15710424,26292.77
15692750,15799422,24263.76
15794549,15692750,12991.06
15803764,15794549,10469
15674840,15803764,10437.46
15653762,15674840,9099.67
15581229,15653762,16326.7
15800228,15581229,21687.55
15656333,15800228,15546.56
15697497,15656333,33701.63
15585362,15697497,12829.56
15571928,15585362,41506.26
15785519,15571928,32991.41
15743007,15785519,3193.71
15777211,15743007,2205.14
15721935,15777211,2392.29
15591711,15721935,19967.67
15625021,15591711,15227.74
15702968,15625021,16466.92
15600462,15702968,14391.17
15768104,15600462,18964.28
15780140,15768104,15956.58
15585255,15780140,5123.92
15772781,15585255,16373.82
15669987,15772781,18311.82
15697000,15669987,7363.45
15733119,15697000,4755.13
15782390,15733119,12644.69
15654700,15782390,10548.99
15632210,15654700,13009.87
15642041,15632210,13739.28
15709737,15642041,16425.5
15792388,15709737,11955.56
15786014,15792388,11557.89
15794580,15786014,34346.49
15675964,15794580,25366.52
15814275,15675964,61115.02
15724848,15814275,15042.11
15754713,15724848,31328.34
15693814,15754713,1891.45
15599660,15693814,19956.46
15746490,15599660,10257.72
15566091,15746490,21994.97
15655961,15566091,27501.74
15710404,15655961,19254.98
15775625,15710404,22930.34
15792328,15775625,23358.22
15719856,15792328,20379.59
15593773,15719856,40439.22
15733114,15593773,5979.68
15797748,15733114,22092.44
15743411,15797748,54221.63
15753337,15743411,23300.65
15601026,15753337,0
15658485,15601026,23691.1
15636731,15658485,26185.23
15628303,15636731,12388.76
15633461,15628303,16652.55
15677135,15633461,2378.8
15590876,15677135,11783.42
15790782,15590876,19823.84
15700476,15790782,29385.78
15634141,15700476,5343.75
15737795,15634141,38680.96
15790299,15737795,2158.78
15675316,15790299,10380.84
15613630,15675316,7479.54
15662100,15613630,23214.39
15668032,15662100,25301.92
15599289,15668032,33155.76
15754084,15599289,9702.35
15676521,15754084,11159.27
15804586,15676521,12684.97
15781465,15804586,2909.66
15729362,15781465,61789.33
15709295,15729362,48845.58
15745324,15709295,23687.3
15741336,15745324,10572.74
15783659,15741336,29389.58
15620981,15783659,20707.72
15630328,15620981,4183.42
15785899,15630328,5585.62
15606149,15785899,34052.94
15671139,15606149,19289.18
15660429,15671139,39137.91
15571002,15660429,23660.51
15631681,15571002,23442.77
15731522,15631681,5556.93
15619529,15731522,11884.5
15628034,15619529,62827.49
15686164,15628034,11381.76
15582797,15686164,7892.79
15753831,15582797,466.07
15731815,15753831,67034.85
15580956,15731815,13400.51
15602084,15580956,17982.74
15589805,15602084,29702.13
15720893,15589805,13200.63
15641009,15720893,7579.67
15605926,15641009,6346.19
15805955,15605926,19062.13
15801488,15805955,36284.87
15605918,15801488,20899.43
15779711,15605918,17243.45
15705620,15779711,30068.07
15685357,15705620,33334.74
15570060,15685357,37158.49
15582616,15570060,8803.46
15799515,15582616,8011.54
15642937,15799515,16249.37
15624729,15642937,26463.58
15566156,15624729,11902.36
15792360,15566156,2754.24
15807008,15792360,12115.73
15704770,15807008,9293.28
15756475,15704770,17735.17
15655339,15756475,9294.23
15613749,15655339,15192.4
15664521,15613749,51020.7
15681206,15664521,25138.14
15745527,15681206,19229.9
15806926,15745527,31281.79
15724563,15806926,17245.35
15782899,15724563,12107.75
15623521,15782899,6570.77
15810218,15623521,9566.12
15645621,15810218,22445.08
15608114,15645621,43239.44
15659557,15608114,4724.92
15787772,15659557,48727.21
15685805,15787772,10300.28
15627971,15685805,25667.1
15783025,15627971,10855.46
15726289,15783025,13481.26
15802118,15726289,4772.8
15607990,15802118,48737.66
15695932,15607990,12791.37
15812279,15695932,48050.62
15687558,15812279,6464.94
15729065,15687558,15204.75
15698902,15729065,3701.77
15570192,15698902,69605.17
15809265,15570192,2654.49
15745201,15809265,7968.41
15580623,15745201,3655.79
15578156,15580623,568.1
15631063,15578156,21859.12
15692577,15631063,22040.95
15810910,15692577,37693.91
15723217,15810910,15747.58
15733111,15723217,12912.59
15610727,15733111,34533.64
15792720,15610727,34167.32
15723153,15792720,8647.28
15802823,15723153,19121.03
15756118,15802823,5994.12
15684934,15756118,12270.58
15776936,15684934,25330.8
15729087,15776936,24712.54
15786463,15729087,22478.9
15717498,15786463,16790.49
15718406,15717498,4808.9
15799468,15718406,27460.51
15626383,15799468,3083.13
15597385,15626383,21471.52
15570271,15597385,10657.1
15690330,15570271,26866.38
15680611,15690330,2990.98
15810227,15680611,9395.31
15807194,15810227,18746.54
15712199,15807194,25369.75
15694995,15712199,14728.42
15723400,15694995,6176.9
15654772,15723400,39938.38
15574743,15654772,13498.17
15807593,15574743,20734.89
15686718,15807593,5796.52
15695299,15686718,21031.86
15722701,15695299,16870.29
15799635,15722701,21442.07
15742323,15799635,12808.09
15658435,15742323,7296.76
15586029,15658435,11116.9
15772337,15586029,18229.74
15807555,15772337,7090.04
15603378,15807555,33061.33
15792862,15603378,16958.26
15657349,15792862,17105.13
15777614,15657349,29035.8
15653952,15777614,12744.44
15724336,15653952,16385.6
15689594,15724336,23371.33
15801920,15689594,10637.91
15653347,15801920,28135.2
15749951,15653347,32193.22
15648178,15749951,16348.17
15738662,15648178,18446.15
15640855,15738662,30862.84
15584288,15640855,13307.03
15760988,15584288,6373.36
15569624,15760988,9526.41
15597949,15569624,5069.96
15604551,15597949,21802.12
15617476,15604551,20576.43
15645323,15617476,15407.67
15793311,15645323,25509.02
15764153,15793311,22674.79
15802560,15764153,4554.49
15728608,15802560,7843.01
15770474,15728608,5150.71
15724444,15770474,12013.51
15753110,15724444,15695.9
15711521,15753110,10443.54
15632816,15711521,22649.52
15693637,15632816,3254.51
15725509,15693637,27767.74
15684645,15725509,3934.14
15692235,15684645,6593.95
15777459,15692235,23756.65
15656937,15777459,27011.16
15610643,15656937,15648.59
15777315,15610643,16381.61
15611058,15777315,6940.7
15630413,15611058,26615.01
15635942,15630413,4227.88
15648858,15635942,15337.18
15810732,15648858,23259.04
15705448,15810732,18384.21
15730488,15705448,31397.31
15620443,15730488,7637.05
15741078,15620443,19793.44
15753161,15741078,11351.93
15711396,15753161,9176.05
15593499,15711396,11475.62
15579189,15593499,12171.02
15743545,15579189,11710.46
15791316,15743545,24149.95
15608246,15791316,25125.41
15676526,15608246,7268.83
15813911,15676526,22190.67
15630195,15813911,13376.19
15736250,15630195,20944.27
15671334,15736250,13542.63
15574169,15671334,3128.92
15718839,15574169,12665.59
15762331,15718839,1957.38
15606901,15762331,37882.58
15713559,15606901,14942.17
15768881,15713559,27163.54
15743075,15768881,9255.47
15660980,15743075,12485.28
15810942,15660980,26280.99
15728362,15810942,11688.99
15683339,15728362,24590.94
15685476,15683339,13495.51
15663650,15685476,19441.37
15617434,15663650,17829.98
15622470,15617434,24273.07
15703682,15622470,34930.17
15727391,15703682,12476.92
15711062,15727391,28747.57
15567339,15711062,29776.99
15760662,15567339,22412.02
15605737,15760662,36172.39
15692977,15605737,35122.45
15672082,15692977,33137.52
15600280,15672082,23410.47
15804052,15600280,13265.23
15576065,15804052,12915.06
15796838,15576065,14889.35
15693526,15796838,7056.98
15748595,15693526,8399.33
15679029,15748595,10007.49
15753639,15679029,9641.17
15604138,15753639,24655.92
15666095,15604138,19007.41
15643487,15666095,13073.9
15764033,15643487,22253.37
15747288,15764033,15198.86
15790599,15747288,34269.54
15737705,15790599,22333.55
15737194,15737705,8255.5
15726776,15737194,21701.8
15804357,15726776,31883.33
15664432,15804357,5597.02
15688984,15664432,11970.95
15583026,15688984,5157.17
15771668,15583026,13150.85
15779904,15771668,16269.51
15784323,15779904,14947.87
15756277,15784323,24525.96
15663312,15756277,1789.04
15793197,15663312,31070.7
15731463,15793197,8417.19
15621768,15731463,10817.27
15691323,15621768,14792.26
15781326,15691323,27296.54
15595640,15781326,5321.52
15814331,15595640,20371.61
15602030,15814331,4835.12
15747974,15602030,11582.97
15611315,15747974,13854.99
15636977,15611315,15639.28
15690337,15636977,8904.92
15680666,15690337,16766.93
15679551,15680666,14080.9
15778915,15679551,17897.24
15568849,15778915,24333.68
15747762,15568849,9146.03
15753679,15747762,4006.91
15750049,15753679,23681.6
15606097,15750049,19227.43
15802368,15606097,7039.31
15767488,15802368,13502.73
15669946,15767488,14221.69
15612103,15669946,21412.43
15645353,15612103,20759.4
15650018,15645353,9314.56
15659002,15650018,10197.87
15616028,15659002,9169.97
15660475,15616028,21117.17
15652615,15660475,38771.4
15653572,15652615,4854.5
15628059,15653572,3493.91
15703413,15628059,20140.76
15610433,15703413,23044.34
15770548,15610433,14221.5
15645637,15770548,14388.32
15590888,15645637,10605.42
15568326,15590888,44520.8
15655368,15568326,14076.15
15665579,15655368,22077.05
15676091,15665579,7558.01
15716984,15676091,9200.94
15715078,15716984,16545.77
15569452,15715078,11344.71
15628863,15569452,15118.3
15778192,15628863,16903.35
15793723,15778192,6219.27
15798943,15793723,9554.91
15764708,15798943,6642.78
15791040,15764708,6456.39
15631512,15791040,28014.36
15640106,15631512,8161.45
15710315,15640106,11001
15771535,15710315,18311.44
15611947,15771535,4301.22
15670266,15611947,15037.36
15609083,15670266,42533.02
15567923,15609083,10031.43
15788183,15567923,12697.32
15735782,15788183,15703.12
15774401,15735782,2546.76
15737971,15774401,15822.44
15758750,15737971,28892.73
15611767,15758750,5848.2
15643770,15611767,8529.67
15744717,15643770,20507.27
15570681,15744717,10853.56
15792650,15570681,6509.78
15605531,15792650,12618.09
15605339,15605531,11801.47
15672216,15605339,26791.14
15812893,15672216,8915.37
15624180,15812893,18761.74
15701364,15624180,29836.65
15762588,15701364,30256.74
15806318,15762588,22542.93
15712596,15806318,18450.52
15600399,15712596,10820.69
15576216,15600399,24850.1
15620750,15576216,21442.83
15623489,15620750,30837.76
15667944,15623489,6077.53
15584928,15667944,12218.52
15779913,15584928,69227.64
15644977,15779913,34961.14
15749679,15644977,18114.22
15629010,15749679,20052.98
15768465,15629010,27155.94
15767781,15768465,65310.98
15635364,15767781,9506.08
15722004,15635364,4637.52
15766044,15722004,1080.53
15586680,15766044,11260.92
15635388,15586680,1758.07
15655175,15635388,18305.74
15639133,15655175,31551.21
15799653,15639133,9219.94
15723872,15799653,25106.98
15775627,15723872,6909.35
15630704,15775627,3835.72
15815534,15630704,14713.22
15697249,15815534,20532.54
15681316,15697249,15568.41
15682523,15681316,15696.47
15650244,15682523,28406.14
15648638,15650244,14282.3
15795747,15648638,14335.5
15607330,15795747,20824.95
15624013,15607330,2891.23
15800805,15624013,16386.93
15667321,15800805,5015.05
15601116,15667321,2603.57
15622033,15601116,19083.22
15758451,15622033,9236.28
15688689,15758451,13845.11
15652674,15688689,24103.02
15806327,15652674,39856.87
15649618,15806327,6088.74
15677117,15649618,26033.42
15751445,15677117,29551.46
15749669,15751445,33989.29
15656351,15749669,17143.32
15667438,15656351,12988.4
15682273,15667438,22821.85
15580912,15682273,61100.2
15785183,15580912,8892.19
15705383,15785183,7230.26
15712903,15705383,25430.36
15774285,15712903,20586.5
15583138,15774285,13980.39
15740160,15583138,15468.47
15793425,15740160,8337.96
15749265,15793425,18122.39
15623989,15749265,18753.76
15604832,15623989,9555.29
15584580,15604832,5672.83
15573854,15584580,6733.79
15614847,15573854,32238.82
15679966,15614847,1845.47
15799435,15679966,9199.04
15752186,15799435,3586.06
15705544,15752186,16383.7
15713632,15705544,5356.67
15586523,15713632,24291.88
15609176,15586523,6852.16
15769308,15609176,9391.89
15676810,15769308,15488.23
15634591,15676810,4789.71
15679804,15634591,21220.34
15677764,15679804,7159.96
15571917,15677764,18759.84
15574608,15571917,16421.89
15740868,15574608,19546.44
15702442,15740868,2928.28
15699797,15702442,14431.26
15648047,15699797,28005.43
15766826,15648047,18925.9
15591628,15766826,21211.6
15583857,15591628,15902.24
15752534,15583857,27437.9
15741403,15752534,40525.1
15783589,15741403,22583.02
15598046,15783589,5864.16
15643330,15598046,38667.47
15680405,15643330,1513.73
15728683,15680405,17432.12
15621644,15728683,17186.45
15733032,15621644,42253.53
15608381,15733032,18230.69
15658946,15608381,9665.87
15757912,15658946,15739.79
15645371,15757912,9341.35
15653110,15645371,10008.63
15766355,15653110,13121.97
15585249,15766355,15398.93
15611786,15585249,30847.26
15575486,15611786,10431.95
15780215,15575486,13037.23
15686099,15780215,3193.52
15739042,15686099,14325.62
15815316,15739042,31159.62
15778489,15815316,27994.98
15786389,15778489,19692.17
15601787,15786389,14998.6
15624715,15601787,17513.82
15763093,15624715,17062.38
15572073,15763093,19812.44
15780256,15572073,3385.61
15659305,15780256,25864.89
15638882,15659305,8904.35
15714680,15638882,26187.7
15777217,15714680,12384.39
15739123,15777217,11514.19
15594450,15739123,17511.54
15797751,15594450,11070.35
15691543,15797751,3553
15722845,15691543,6637.84
15605804,15722845,19424.65
15702061,15605804,8360.57
15694321,15702061,12569.26
15798749,15694321,14853.63
15720050,15798749,11604.25
15758048,15720050,6254.8
15805681,15758048,20659.27
15802809,15805681,23036.93
15807239,15802809,7141.72
15749093,15807239,5768.97
15689344,15749093,19058.52
15606076,15689344,14162.6
15610090,15606076,30182.83
15693926,15610090,16084.45
15791501,15693926,22281.87
15621870,15791501,15500.39
15734711,15621870,27331.5
15814405,15734711,11117.28
15729359,15814405,16410.68
15606944,15729359,24913.37
15671934,15606944,9197.33
15641773,15671934,3439.38
15701972,15641773,19892.81
15749114,15701972,24166.86
15780362,15749114,28423.43
15753229,15780362,19177.65
15656009,15753229,13390.06
15785024,15656009,17505.46
15670492,15785024,24246.47
15795458,15670492,5946.43
15732438,15795458,4517.63
15781987,15732438,13947.52
15775826,15781987,12229.92
15807457,15775826,8199.45
15632538,15807457,42558.1
15641389,15632538,21459.55
15657306,15641389,33115.67
15709447,15657306,27757.29
15762682,15709447,4198.43
15626042,15762682,25816.82
15597109,15626042,10953.5
15756148,15597109,23363.92
15665634,15756148,17602.93
15739997,15665634,14991
15686242,15739997,18792.71
15759244,15686242,20072.93
15672027,15759244,41217.84
15594576,15672027,802.56
15707138,15594576,10385.97
15756954,15707138,9758.97
15619130,15756954,26755.23
15639665,15619130,32324.51
15571065,15639665,1752.56
15686060,15571065,11132.29
15615753,15686060,30831.11
15800961,15615753,5523.49
15763065,15800961,34508.37
15672467,15763065,21976.92
15752915,15672467,14477.43
15744695,15752915,19455.81
15584897,15744695,14335.31
15601857,15584897,27752.54
15674156,15601857,72357.89
15695465,15674156,18788.34
15792232,15695465,4124.33
15807900,15792232,16255.83
15743760,15807900,17224.45
15652835,15743760,13088.72
15767818,15652835,24743.89
15591150,15767818,19672.98
15734659,15591150,35215.36
15796115,15734659,22845.98
15724648,15796115,25139.66
15737732,15724648,15616.1
15632280,15737732,10569.13
15750407,15632280,28583.98
15795370,15750407,12148.98
15656829,15795370,4754.56
15643794,15656829,31292.05
15798605,15643794,6361.2
15637324,15798605,10184
15589589,15637324,11344.52
15778936,15589589,28223.17
15757385,15778936,14626.77
15666200,15757385,10866.86
15683977,15666200,3878.66
15675518,15683977,10503.96
15584812,15675518,17862.66
15752984,15584812,3409.36
15577913,15752984,21047.25
15591980,15577913,9188.97
15598948,15591980,1403.72
15574142,15598948,10893.27
15766044,15574142,25176.14
15586680,15766044,13778.23
15635388,15586680,278.92
15655175,15635388,22965.68
15639133,15655175,8946.15
15799653,15639133,14675.41
15723872,15799653,9770.94
15775627,15723872,31831.65
15630704,15775627,8165.63
15815534,15630704,22554.71
15697249,15815534,3655.41
15681316,15697249,12180.14
15682523,15681316,14826.65
15650244,15682523,16916.46
15648638,15650244,15129.7
15795747,15648638,24349.64
15607330,15795747,10152.84
15624013,15607330,34440.92
15800805,15624013,27675.59
15667321,15800805,31660.46
15601116,15667321,2971.41
15622033,15601116,10999.29
15758451,15622033,23908.84
15688689,15758451,15557.77
15652674,15688689,20063.43
15806327,15652674,21496.22
15649618,15806327,9507.6
15677117,15649618,11148.25
15751445,15677117,4203.94
15749669,15751445,13909.14
15656351,15749669,10932.98
15667438,15656351,34946.13
15682273,15667438,23279.18
15580912,15682273,15673.48
15785183,15580912,18058.17
15705383,15785183,5943.39
15712903,15705383,12880.48
15774285,15712903,32809.39
15583138,15774285,10873.89
15740160,15583138,19368.41
15793425,15740160,2344.03
15749265,15793425,10978.77
15623989,15749265,25555.76
15604832,15623989,7382.26
15584580,15604832,53604.32
15573854,15584580,22264.77
15614847,15573854,15072.89
15679966,15614847,2224.9
15799435,15679966,18171.03
15752186,15799435,18365.97
15705544,15752186,23585.46
15713632,15705544,36612.62
15586523,15713632,15700.84
15609176,15586523,13606.47
15769308,15609176,12731.9
15676810,15769308,7817.55
15634591,15676810,18967.51
15679804,15634591,2086.01
15677764,15679804,13924.34
15571917,15677764,80062.58
15574608,15571917,9482.14
15740868,15574608,8120.6
15702442,15740868,6374.5
15699797,15702442,11237.36
15648047,15699797,30540.6
15766826,15648047,8689.27
15591628,15766826,7251.73
15583857,15591628,21680.71
15752534,15583857,15712.62
15741403,15752534,24810.39
15783589,15741403,7672.58
15598046,15783589,13257.44
15643330,15598046,23523.9
15680405,15643330,1014.22
15728683,15680405,17915.1
15621644,15728683,10885.86
15733032,15621644,18408.53
15608381,15733032,2618.39
15658946,15608381,28995.52
15757912,15658946,8552.85
15645371,15757912,35629.18
15653110,15645371,12847.23
15766355,15653110,22214.8
15585249,15766355,11759.48
15611786,15585249,8085.64
15575486,15611786,55824.28
15780215,15575486,5499.17
15686099,15780215,19515.66
15739042,15686099,28499.24
15815316,15739042,30135.52
15778489,15815316,2231.55
15786389,15778489,8750.64
15601787,15786389,25921.89
15624715,15601787,9675.94
15763093,15624715,16346.08
15572073,15763093,20644.83
15780256,15572073,21628.84
15659305,15780256,21988.51
15638882,15659305,8748.36
15714680,15638882,9149.26
15777217,15714680,951.33
15739123,15777217,19508.63
15594450,15739123,24380.99
15797751,15594450,8103.69
15691543,15797751,20984.55
15722845,15691543,27130.86
15605804,15722845,9693.23
15702061,15605804,15753.66
15694321,15702061,4092.03
15798749,15694321,33406.37
15720050,15798749,23263.41
15758048,15720050,9539.9
15805681,15758048,48180.2
15802809,15805681,32037.42
15807239,15802809,31153.92
15749093,15807239,4017.55
15689344,15749093,9711.28
15606076,15689344,18566.61
15610090,15606076,40594.26
15693926,15610090,13182.39
15791501,15693926,7417.22
15621870,15791501,18654.01
15734711,15621870,3355.78
15814405,15734711,29434.42
15729359,15814405,24273.64
15606944,15729359,26452.75
15671934,15606944,38317.49
15641773,15671934,14572.81
15701972,15641773,25519.47
15749114,15701972,4643.41
15780362,15749114,6508.45
15753229,15780362,39678.65
15656009,15753229,13781.27
15785024,15656009,4787.81
15670492,15785024,13961.96
15795458,15670492,31676.04
15732438,15795458,27208.57
15781987,15732438,4063.91
15775826,15781987,13311.97
15807457,15775826,18105.48
15632538,15807457,23987.69
15641389,15632538,6934.43
15657306,15641389,28294.04
15709447,15657306,10378.75
15762682,15709447,6249.48
15626042,15762682,17410.65
15597109,15626042,37233.35
15756148,15597109,20908.55
15665634,15756148,43827.87
15739997,15665634,52274.13
15686242,15739997,9999.89
15759244,15686242,18304.41
15672027,15759244,90623.73
15594576,15672027,9244.64
15707138,15594576,39847.94
15756954,15707138,16470.15
15619130,15756954,11520.84
15639665,15619130,32149.71
15571065,15639665,14982.07
15686060,15571065,7250.59
15615753,15686060,22066.22
15800961,15615753,24204.1
15763065,15800961,11343.38
15672467,15763065,2191.27
15752915,15672467,717.25
15744695,15752915,9658.84
15584897,15744695,13694.25
15601857,15584897,21702.75
15674156,15601857,15917.63
15695465,15674156,31354.18
15792232,15695465,17160.42
15807900,15792232,6583.69
15743760,15807900,24090.1
15652835,15743760,5097.32
15767818,15652835,14130.3
15591150,15767818,25282.73
15734659,15591150,4609.02
15796115,15734659,1989.87
15724648,15796115,44899.47
15737732,15724648,22278.26
15632280,15737732,2586.28
15750407,15632280,27738.29
15795370,15750407,13509.76
15656829,15795370,4161
15643794,15656829,18492.7
15798605,15643794,13251.93
15637324,15798605,25138.71
15589589,15637324,29077.03
15778936,15589589,45372
15757385,15778936,11970.76
15666200,15757385,8107.49
15683977,15666200,19688.75
15675518,15683977,36334.84
15584812,15675518,21683.94
15752984,15584812,17688.05
15577913,15752984,21799.08
15591980,15577913,42610.35
15598948,15591980,15887.8
15574142,15598948,24890
15582903,15574142,23907.32
15733229,15582903,17007.47
15635752,15733229,19402.23
15771000,15635752,44839.43
15804864,15771000,12837.16
15641175,15804864,24101.12
15692226,15641175,13040.46
15584156,15692226,16601.25
15702656,15584156,5704.75
15606552,15702656,15180.81
15687001,15606552,17047.18
15781903,15687001,30670.75
15731951,15781903,18773.33
15580953,15731951,26653.58
15810390,15580953,1425
15628274,15810390,13395.38
15615444,15628274,4087.28
15784010,15615444,9127.79
15571586,15784010,26754.85
15748616,15571586,26589.93
15769402,15748616,11439.9
15739248,15769402,14592.95
15603481,15739248,15877.92
15723604,15603481,13381.7
15797822,15723604,22608.67
15665064,15797822,17643.97
15640580,15665064,15305.83
15581089,15640580,12705.49
15728605,15581089,66036.78
15737385,15728605,28884.37
15714789,15737385,4164.23
15786035,15714789,24293.4
15815259,15786035,15613.82
15592716,15815259,19023.75
15734850,15592716,18983.09
15638047,15734850,7602.47
15674573,15638047,16737.67
15694859,15674573,6091.21
15776404,15694859,8676.16
15579345,15776404,7439.45
15690733,15579345,15885.33
15631481,15690733,11682.34
15620988,15631481,15708.63
15571529,15620988,44250.62
15592104,15571529,31568.69
15651900,15592104,31493.45
15596212,15651900,7615.01
15710687,15596212,15928.46
15613787,15710687,27242.2
15599211,15613787,24985
15675983,15599211,57306.85
15622370,15675983,49404.18
15656319,15622370,56009.53
15605130,15656319,15600.33
15672574,15605130,10508.52
15659355,15672574,10858.88
15777907,15659355,10731.39
15655171,15777907,14418.91
15619674,15655171,12404.15
15775192,15619674,23514.02
15617657,15775192,25616.18
15688951,15617657,13354.72
15763460,15688951,16173.94
15756992,15763460,14563.5
15617454,15756992,8500.22
15701932,15617454,18534.88
15700813,15701932,7421.78
15645600,15700813,13890.9
15634146,15645600,16680.1
15686743,15634146,22192.19
15698792,15686743,25061.95
15591724,15698792,29266.08
15571281,15591724,14491.11
15661380,15571281,16835.33
15728885,15661380,9211.2
15618950,15728885,43758.71
15609804,15618950,8118.89
15735849,15609804,13188.85
15652948,15735849,1378.64
15618155,15652948,23358.79
15566378,15618155,16590.8
15565879,15566378,84384.51
15792922,15565879,7433.56
15770567,15792922,15977.67
15738042,15770567,12544.18
15714920,15738042,15439.59
15782121,15714920,26660.8
15673180,15782121,48981.05
15660636,15673180,28863.66
15664504,15660636,15162.95
15790322,15664504,29373.24
15739847,15790322,2345.93
15699415,15739847,18217.96
15665521,15699415,38052.63
15682868,15665521,4262.27
15584462,15682868,14049.17
15661708,15584462,16055.76
15584452,15661708,36932.58
15717010,15584452,4942.85
15643828,15717010,928.53
15733361,15643828,7826.48
15795488,15733361,35945.34
15581551,15795488,37894.55
15632051,15581551,14741.34
15780409,15632051,19566.58
15572767,15780409,11739.53
15590337,15572767,17295.51
15634551,15590337,34795.46
15669290,15634551,15262.13
15621140,15669290,8179.69
15613518,15621140,17130.78
15728043,15613518,10082.54
15570073,15728043,9584.55
15777033,15570073,5076.42
15682454,15777033,10082.73
15758513,15682454,3773.02
15772604,15758513,11446.93
15721715,15772604,12237.9
15688563,15721715,30476.19
15772009,15688563,41511.01
15809585,15772009,15385.82
15593778,15809585,3069.26
15655360,15593778,5449.01
15780909,15655360,9772.08
15757310,15780909,30642.44
15801411,15757310,14689.47
15761706,15801411,29043.02
15658409,15761706,14628.86
15810010,15658409,13583.48
15627027,15810010,15368.91
15624374,15627027,10519.92
15720083,15624374,33608.15
15752294,15720083,9036.78
15743193,15752294,26056.22
15696733,15743193,10657.1
15677522,15696733,21279.24
15643523,15677522,23449.23
15624936,15643523,9047.04
15716085,15624936,18091.99
15641688,15716085,25238.46
15796834,15641688,21117.74
15720123,15796834,6901.94
15604732,15720123,8815.81
15723484,15604732,33796.63
15807120,15723484,21097.03
15810891,15807120,11532.81
15640407,15810891,25532.58
15778838,15640407,12677.75
15709256,15778838,34603.37
15742285,15709256,15502.29
15729019,15742285,10450
15608588,15729019,1276.8
15610557,15608588,16329.36
15786418,15610557,23073.98
15653050,15786418,28166.74
15744914,15653050,7377.51
15669611,15744914,3610.57
15594786,15669611,1815.64
15649211,15594786,23182.47
15766066,15649211,23695.85
15772216,15766066,2858.17
15619898,15772216,20178.95
15724543,15619898,24587.71
15755084,15724543,23571.97
15730441,15755084,9834.78
15666767,15730441,16549.76
15690456,15666767,34002.4
15570533,15690456,12737.41
15797692,15570533,1655.09
15603135,15797692,47666.06
15698927,15603135,22127.4
15687363,15698927,8151.76
15733444,15687363,44978.13
15678057,15733444,24554.46
15806918,15678057,6014.64
15638247,15806918,20246.59
15674833,15638247,8048.21
15812534,15674833,29047.58
15586522,15812534,38274.36
15794297,15586522,11947.2
15737025,15794297,9050.08
15615931,15737025,4418.26
15664860,15615931,25289.76
15664539,15664860,20367.81
15583692,15664539,17946.07
15693131,15583692,9323.49
15779973,15693131,18069.95
15620557,15779973,22486.5
15639549,15620557,30490.25
15618750,15639549,14088.88
15796790,15618750,14929.44
15668309,15796790,20973.15
15732437,15668309,21053.52
15665158,15732437,18188.32
15689322,15665158,18785.68
15596624,15689322,14801.38
15601977,15596624,19814.72
15801462,15601977,35097.75
15566139,15801462,32979.44
15791006,15566139,10474.32
15668057,15791006,14363.05
15580805,15668057,2157.45
15658768,15580805,32089.48
15613048,15658768,54402.32
15803654,15613048,25297.55
15662337,15803654,18145.19
15650924,15662337,14681.87
15647203,15650924,19120.27
15682778,15647203,37019.6
15579820,15682778,37095.98
15709354,15579820,15687.35
15728480,15709354,60650.09
15641091,15728480,23227.12
15603111,15641091,34892.55
15679693,15603111,1518.86
15797190,15679693,18514.36
15788025,15797190,41076.86
15646168,15788025,13458.46
15580493,15646168,33269.95
15726720,15580493,40532.32
15735799,15726720,10673.82
15773098,15735799,37085.72
15668971,15773098,3065.65
15603221,15668971,22366.8
15740043,15603221,30843.84
15712264,15740043,9518.81
15751926,15712264,4768.62
15589401,15751926,5551.23
15742019,15589401,16042.27
15660611,15742019,22027.65
15607634,15660611,5373.01
15595036,15607634,25401.86
15745794,15595036,12673.38
15781689,15745794,34569.55
15696054,15781689,8692.5
15752467,15696054,15859.68
15597739,15752467,12989.54
15651336,15597739,18378.51
15636061,15651336,9951.25
15723013,15636061,103778.95
15784148,15723013,20739.26
15578098,15784148,3948.58
15638621,15578098,39464.71
15720924,15638621,27204.96
15566531,15720924,20583.27
15718064,15566531,30598.93
15605067,15718064,18252.73
15655335,15605067,19383.8
15607301,15655335,5255.59
15694628,15607301,13236.16
15607112,15694628,19527.63
15635775,15607112,24401.7
15644280,15635775,14063.42
15708362,15644280,3939.08
15771997,15708362,18166.85
15730579,15771997,5720.52
15728005,15730579,4721.88
15791674,15728005,24733.63
15754599,15791674,7192.07
15693690,15754599,6830.31
15728963,15693690,15705.21
15659710,15728963,16385.22
15658675,15659710,25034.02
15638788,15658675,23320.22
15609735,15638788,26626.6
15771477,15609735,29286.6
15570145,15771477,41753.64
15797149,15570145,5247.61
15636912,15797149,21633.78
15687828,15636912,12066.52
15667424,15687828,2508.95
15759872,15667424,16007.88
15572374,15759872,17388.8
15754926,15572374,12859.58
15687431,15754926,13168.9
15604515,15687431,24687.65
15682839,15604515,9209.87
15624677,15682839,38824.41
15646366,15624677,17886.79
15701768,15646366,2310.59
15623566,15701768,38540.55
15681274,15623566,40587.23
15762573,15681274,27545.44
15706458,15762573,15632.44
15654222,15706458,10271.97
15704053,15654222,16278.63
15724321,15704053,18806.58
15621815,15724321,24404.36
15724876,15621815,11622.11
15696588,15724876,2449.48
15612832,15696588,30093.53
15804295,15612832,12829.94
15712536,15804295,23405.15
15662494,15712536,11877.47
15807728,15662494,27096.66
15764916,15807728,21182.72
15615330,15764916,22528.3
15638487,15615330,21395.71
15627859,15638487,7592.4
15622192,15627859,35665.09
15789413,15622192,21428.39
15583221,15789413,15173.59
15768495,15583221,20845.85
15644103,15768495,26156.73
15741197,15644103,13717.81
15664547,15741197,45443.63
15797293,15664547,11443.13
15572021,15797293,9238.94
15637461,15572021,8415.48
15620577,15637461,22985.44
15609643,15620577,5723.37
15785358,15609643,6236.94
15603883,15785358,14387.18
15782550,15603883,26427.86
15775761,15782550,10096.03
15680201,15775761,11807.93
15767594,15680201,16413.72
15591985,15767594,20455.97
15789339,15591985,46125.54
15781530,15789339,22110.87
15705174,15781530,7770.81
15572114,15705174,7336.66
15804009,15572114,3943.26
15662698,15804009,18949.46
15696047,15662698,57349.98
15701160,15696047,22613.23
15790093,15701160,5613.17
15632143,15790093,25599.46
15736778,15632143,7961.76
15734917,15736778,1117.96
15643903,15734917,13701.66
15569526,15643903,32306.46
15777067,15569526,10146
15795511,15777067,4609.21
15610419,15795511,31971.11
15644994,15610419,6337.26
15703707,15644994,42000.83
15659327,15703707,36624.4
15771323,15659327,8391.73
15750549,15771323,16771.87
15698462,15750549,39478.77
15739692,15698462,6526.69
15744041,15739692,36563.98
15700714,15744041,12336.89
15777743,15700714,18745.21
15623143,15777743,12443.1
15712568,15623143,10749.44
15617432,15712568,6368.99
15650424,15617432,6094.63
15728829,15650424,9627.49
15680430,15728829,22817.86
15687626,15680430,17966.78
15609187,15687626,21647.08
15609521,15609187,19390.64
15634602,15609521,14007.18
